date,predicted,actual
2003-01-01,0.09686696032326976,0.352139102613079
2003-02-01,0.08620010708767656,0.3863980482037644
2003-03-01,0.09141931321624648,0.365798327017654
2003-04-01,0.10628303368854869,0.2656627480787161
2003-05-01,0.11060473218924449,0.2439937367588215
2003-06-01,0.13564740008610252,0.2349123491288273
2003-07-01,0.04909887174358293,0.2545932606800041
2003-07-01,0.0508359305733374,0.2545932606800041
2003-07-01,0.0508359305733374,0.2545932606800041
2003-07-01,0.05257298940309187,0.2545932606800041
2003-08-01,0.09184289444628757,0.2247593036591234
2003-08-01,0.09357995327604203,0.2247593036591234
2003-08-01,0.09357995327604203,0.2247593036591234
2003-08-01,0.0953170121057965,0.2247593036591234
2003-09-01,0.04840924165022342,0.2437178650997541
2003-09-01,0.050146300479977896,0.2437178650997541
2003-09-01,0.050146300479977896,0.2437178650997541
2003-09-01,0.05188335930973237,0.2437178650997541
2003-10-01,0.052896606918791896,0.1676401681533091
2003-10-01,0.05463366574854637,0.1676401681533091
2003-10-01,0.05463366574854637,0.1676401681533091
2003-10-01,0.05637072457830084,0.1676401681533091
2003-11-01,0.19465817562868656,0.1997919032900234
2003-11-01,0.196395234458441,0.1997919032900234
2003-11-01,0.19639523445844098,0.1997919032900234
2003-11-01,0.19813229328819548,0.1997919032900234
2003-12-01,0.21786890413775614,0.1487880279981775
2003-12-01,0.2196059629675106,0.1487880279981775
2003-12-01,0.2196059629675106,0.1487880279981775
2003-12-01,0.2213430217972651,0.1487880279981775
2003-07-01,0.09558997945837443,0.2545932606800041
2003-07-01,0.0973270382881289,0.2545932606800041
2003-07-01,0.0973270382881289,0.2545932606800041
2003-07-01,0.09906409711788337,0.2545932606800041
2003-08-01,0.1459133013958699,0.2247593036591234
2003-08-01,0.14765036022562436,0.2247593036591234
2003-08-01,0.14765036022562436,0.2247593036591234
2003-08-01,0.14938741905537886,0.2247593036591234
2003-09-01,0.07492044546636896,0.2437178650997541
2003-09-01,0.07665750429612343,0.2437178650997541
2003-09-01,0.07665750429612343,0.2437178650997541
2003-09-01,0.0783945631258779,0.2437178650997541
2003-10-01,0.11063723340523686,0.1676401681533091
2003-10-01,0.11237429223499133,0.1676401681533091
2003-10-01,0.11237429223499133,0.1676401681533091
2003-10-01,0.1141113510647458,0.1676401681533091
2003-11-01,0.19049189302243189,0.1997919032900234
2003-11-01,0.19222895185218636,0.1997919032900234
2003-11-01,0.19222895185218639,0.1997919032900234
2003-11-01,0.19396601068194086,0.1997919032900234
2003-12-01,0.24681287235116414,0.1487880279981775
2003-12-01,0.24854993118091862,0.1487880279981775
2003-12-01,0.2485499311809186,0.1487880279981775
2003-12-01,0.25028699001067306,0.1487880279981775
2004-01-01,0.22998845355256983,0.1529416282932553
2004-01-01,0.23002816919850702,0.1529416282932553
2004-01-01,0.23002816919850702,0.1529416282932553
2004-01-01,0.23006788484444426,0.1529416282932553
2004-02-01,0.15779073052401194,0.1451715460288954
2004-02-01,0.15783044616994915,0.1451715460288954
2004-02-01,0.15783044616994912,0.1451715460288954
2004-02-01,0.15787016181588634,0.1451715460288954
2004-03-01,0.2236414522040726,0.1748747323371649
2004-03-01,0.2236811678500098,0.1748747323371649
2004-03-01,0.2236811678500098,0.1748747323371649
2004-03-01,0.223720883495947,0.1748747323371649
2004-04-01,0.12628123064018248,0.2065304235840491
2004-04-01,0.12632094628611967,0.2065304235840491
2004-04-01,0.12632094628611967,0.2065304235840491
2004-04-01,0.12636066193205686,0.2065304235840491
2004-05-01,0.2249932025418017,0.1589675011397075
2004-05-01,0.22503291818773888,0.1589675011397075
2004-05-01,0.22503291818773888,0.1589675011397075
2004-05-01,0.22507263383367607,0.1589675011397075
2004-06-01,0.05693479488393401,0.1432402550557885
2004-06-01,0.05697451052987121,0.1432402550557885
2004-06-01,0.05697451052987121,0.1432402550557885
2004-06-01,0.057014226175808404,0.1432402550557885
2004-01-01,0.33527171897290625,0.1529416282932553
2004-01-01,0.3353114346188435,0.1529416282932553
2004-01-01,0.33531143461884344,0.1529416282932553
2004-01-01,0.33535115026478063,0.1529416282932553
2004-02-01,0.21892746530127774,0.1451715460288954
2004-02-01,0.21896718094721493,0.1451715460288954
2004-02-01,0.21896718094721493,0.1451715460288954
2004-02-01,0.21900689659315212,0.1451715460288954
2004-03-01,0.21429165639591038,0.1748747323371649
2004-03-01,0.21433137204184757,0.1748747323371649
2004-03-01,0.21433137204184757,0.1748747323371649
2004-03-01,0.21437108768778476,0.1748747323371649
2004-04-01,0.22051215415559036,0.2065304235840491
2004-04-01,0.22055186980152755,0.2065304235840491
2004-04-01,0.22055186980152755,0.2065304235840491
2004-04-01,0.2205915854474648,0.2065304235840491
2004-05-01,0.23084283358196037,0.1589675011397075
2004-05-01,0.23088254922789755,0.1589675011397075
2004-05-01,0.23088254922789755,0.1589675011397075
2004-05-01,0.2309222648738348,0.1589675011397075
2004-06-01,0.24310151561092386,0.1432402550557885
2004-06-01,0.24314123125686105,0.1432402550557885
2004-06-01,0.24314123125686105,0.1432402550557885
2004-06-01,0.24318094690279823,0.1432402550557885
2004-07-01,0.2005425575423315,0.1804575683777348
2004-07-01,0.19995668331943958,0.1804575683777348
2004-07-01,0.19995668331943958,0.1804575683777348
2004-07-01,0.19937080909654767,0.1804575683777348
2004-08-01,0.15138194770371902,0.1996119759765862
2004-08-01,0.15079607348082708,0.1996119759765862
2004-08-01,0.15079607348082708,0.1996119759765862
2004-08-01,0.15021019925793513,0.1996119759765862
2004-09-01,0.14974833840788346,0.2162682938642317
2004-09-01,0.1491624641849915,0.2162682938642317
2004-09-01,0.1491624641849915,0.2162682938642317
2004-09-01,0.14857658996209958,0.2162682938642317
2004-10-01,0.16247410233141513,0.2344964783256388
2004-10-01,0.16188822810852319,0.2344964783256388
2004-10-01,0.1618882281085232,0.2344964783256388
2004-10-01,0.16130235388563127,0.2344964783256388
2004-11-01,0.19609321837670055,0.2106323695478796
2004-11-01,0.19550734415380858,0.2106323695478796
2004-11-01,0.19550734415380858,0.2106323695478796
2004-11-01,0.19492146993091666,0.2106323695478796
2004-12-01,0.30216940721171265,0.1942379769352015
2004-12-01,0.30158353298882074,0.1942379769352015
2004-12-01,0.3015835329888207,0.1942379769352015
2004-12-01,0.3009976587659287,0.1942379769352015
2004-07-01,0.06173358340673954,0.1804575683777348
2004-07-01,0.061147709183847605,0.1804575683777348
2004-07-01,0.061147709183847605,0.1804575683777348
2004-07-01,0.06056183496095568,0.1804575683777348
2004-08-01,0.062129188602658036,0.1996119759765862
2004-08-01,0.0615433143797661,0.1996119759765862
2004-08-01,0.0615433143797661,0.1996119759765862
2004-08-01,0.060957440156874175,0.1996119759765862
2004-09-01,0.03947876431156324,0.2162682938642317
2004-09-01,0.038892890088671306,0.2162682938642317
2004-09-01,0.038892890088671306,0.2162682938642317
2004-09-01,0.03830701586577937,0.2162682938642317
2004-10-01,-0.010781478824320234,0.2344964783256388
2004-10-01,-0.011367353047212167,0.2344964783256388
2004-10-01,-0.011367353047212167,0.2344964783256388
2004-10-01,-0.011953227270104097,0.2344964783256388
2004-11-01,0.12697008109565108,0.2106323695478796
2004-11-01,0.12638420687275914,0.2106323695478796
2004-11-01,0.12638420687275914,0.2106323695478796
2004-11-01,0.1257983326498672,0.2106323695478796
2004-12-01,0.1622095313335332,0.1942379769352015
2004-12-01,0.16162365711064128,0.1942379769352015
2004-12-01,0.16162365711064128,0.1942379769352015
2004-12-01,0.16103778288774934,0.1942379769352015
2005-01-01,0.12197742501820324,0.2318426440191257
2005-01-01,0.12202828701895141,0.2318426440191257
2005-01-01,0.12202828701895141,0.2318426440191257
2005-01-01,0.12207914901969957,0.2318426440191257
2005-02-01,0.12112991734891158,0.1913423387254094
2005-02-01,0.12118077934965972,0.1913423387254094
2005-02-01,0.12118077934965972,0.1913423387254094
2005-02-01,0.12123164135040791,0.1913423387254094
2005-03-01,0.13852099771962312,0.2213260515329429
2005-03-01,0.13857185972037125,0.2213260515329429
2005-03-01,0.13857185972037125,0.2213260515329429
2005-03-01,0.13862272172111945,0.2213260515329429
2005-04-01,0.14648797021802634,0.2835822172110447
2005-04-01,0.1465388322187745,0.2835822172110447
2005-04-01,0.1465388322187745,0.2835822172110447
2005-04-01,0.14658969421952267,0.2835822172110447
2005-05-01,0.15229252239634475,0.2852234206218323
2005-05-01,0.1523433843970929,0.2852234206218323
2005-05-01,0.1523433843970929,0.2852234206218323
2005-05-01,0.15239424639784108,0.2852234206218323
2005-06-01,0.14456216959015167,0.268980440281848
2005-06-01,0.14461303159089983,0.268980440281848
2005-06-01,0.14461303159089983,0.268980440281848
2005-06-01,0.144663893591648,0.268980440281848
2005-01-01,0.12772256188955253,0.2318426440191257
2005-01-01,0.12777342389030066,0.2318426440191257
2005-01-01,0.12777342389030066,0.2318426440191257
2005-01-01,0.12782428589104886,0.2318426440191257
2005-02-01,0.23034448764102353,0.1913423387254094
2005-02-01,0.2303953496417717,0.1913423387254094
2005-02-01,0.2303953496417717,0.1913423387254094
2005-02-01,0.23044621164251988,0.1913423387254094
2005-03-01,0.3278539094634741,0.2213260515329429
2005-03-01,0.3279047714642223,0.2213260515329429
2005-03-01,0.3279047714642223,0.2213260515329429
2005-03-01,0.3279556334649705,0.2213260515329429
2005-04-01,0.21353456551772423,0.2835822172110447
2005-04-01,0.21358542751847243,0.2835822172110447
2005-04-01,0.21358542751847245,0.2835822172110447
2005-04-01,0.21363628951922062,0.2835822172110447
2005-05-01,0.12447077772783614,0.2852234206218323
2005-05-01,0.12452163972858431,0.2852234206218323
2005-05-01,0.12452163972858431,0.2852234206218323
2005-05-01,0.12457250172933247,0.2852234206218323
2005-06-01,0.18355018683082114,0.268980440281848
2005-06-01,0.18360104883156927,0.268980440281848
2005-06-01,0.18360104883156927,0.268980440281848
2005-06-01,0.18365191083231747,0.268980440281848
2005-07-01,0.25403215657908507,0.1996221586590842
2005-07-01,0.25462693284058435,0.1996221586590842
2005-07-01,0.2546269328405843,0.1996221586590842
2005-07-01,0.2552217091020836,0.1996221586590842
2005-08-01,0.3233681576776758,0.2217921323898602
2005-08-01,0.323962933939175,0.2217921323898602
2005-08-01,0.3239629339391751,0.2217921323898602
2005-08-01,0.3245577102006743,0.2217921323898602
2005-09-01,0.1419412350354987,0.2517825376214813
2005-09-01,0.14253601129699792,0.2517825376214813
2005-09-01,0.14253601129699792,0.2517825376214813
2005-09-01,0.1431307875584972,0.2517825376214813
2005-10-01,0.3093510703812144,0.2891927404318296
2005-10-01,0.3099458466427137,0.2891927404318296
2005-10-01,0.3099458466427137,0.2891927404318296
2005-10-01,0.3105406229042129,0.2891927404318296
2005-11-01,0.3078868682304231,0.2066759160501382
2005-11-01,0.30848164449192234,0.2066759160501382
2005-11-01,0.3084816444919224,0.2066759160501382
2005-11-01,0.3090764207534216,0.2066759160501382
2005-12-01,0.37410457405403014,0.1972671047417666
2005-12-01,0.3746993503155294,0.1972671047417666
2005-12-01,0.3746993503155294,0.1972671047417666
2005-12-01,0.37529412657702865,0.1972671047417666
2005-07-01,0.2705305331962767,0.1996221586590842
2005-07-01,0.2711253094577759,0.1996221586590842
2005-07-01,0.27112530945777596,0.1996221586590842
2005-07-01,0.2717200857192752,0.1996221586590842
2005-08-01,0.2889792670714828,0.2217921323898602
2005-08-01,0.2895740433329821,0.2217921323898602
2005-08-01,0.28957404333298203,0.2217921323898602
2005-08-01,0.2901688195944813,0.2217921323898602
2005-09-01,0.11689308406094756,0.2517825376214813
2005-09-01,0.11748786032244685,0.2517825376214813
2005-09-01,0.11748786032244685,0.2517825376214813
2005-09-01,0.11808263658394609,0.2517825376214813
2005-10-01,0.38375297579597917,0.2891927404318296
2005-10-01,0.38434775205747834,0.2891927404318296
2005-10-01,0.38434775205747834,0.2891927404318296
2005-10-01,0.38494252831897763,0.2891927404318296
2005-11-01,0.32073936215419413,0.2066759160501382
2005-11-01,0.32133413841569336,0.2066759160501382
2005-11-01,0.3213341384156934,0.2066759160501382
2005-11-01,0.32192891467719265,0.2066759160501382
2005-12-01,0.38413240763631057,0.1972671047417666
2005-12-01,0.38472718389780985,0.1972671047417666
2005-12-01,0.38472718389780985,0.1972671047417666
2005-12-01,0.38532196015930903,0.1972671047417666
2006-01-01,0.28381497136274425,0.1111706541544096
2006-01-01,0.28411620816289307,0.1111706541544096
2006-01-01,0.284116208162893,0.1111706541544096
2006-01-01,0.28441744496304183,0.1111706541544096
2006-02-01,0.14656043645295067,0.0792789216952964
2006-02-01,0.14686167325309948,0.0792789216952964
2006-02-01,0.14686167325309948,0.0792789216952964
2006-02-01,0.14716291005324825,0.0792789216952964
2006-03-01,0.1685133260931544,0.053927107913186
2006-03-01,0.16881456289330318,0.053927107913186
2006-03-01,0.16881456289330318,0.053927107913186
2006-03-01,0.16911579969345195,0.053927107913186
2006-04-01,0.3287815016994245,0.0879357468024694
2006-04-01,0.3290827384995733,0.0879357468024694
2006-04-01,0.32908273849957337,0.0879357468024694
2006-04-01,0.32938397529972213,0.0879357468024694
2006-05-01,0.25871015717422696,0.1335233421091572
2006-05-01,0.2590113939743758,0.1335233421091572
2006-05-01,0.2590113939743757,0.1335233421091572
2006-05-01,0.25931263077452454,0.1335233421091572
2006-06-01,0.1958067927770856,0.0436424311062787
2006-06-01,0.19610802957723442,0.0436424311062787
2006-06-01,0.19610802957723447,0.0436424311062787
2006-06-01,0.19640926637738323,0.0436424311062787
2006-01-01,0.22402737171448472,0.1111706541544096
2006-01-01,0.22432860851463352,0.1111706541544096
2006-01-01,0.22432860851463352,0.1111706541544096
2006-01-01,0.22462984531478228,0.1111706541544096
2006-02-01,0.1301448700773615,0.0792789216952964
2006-02-01,0.13044610687751032,0.0792789216952964
2006-02-01,0.13044610687751032,0.0792789216952964
2006-02-01,0.13074734367765908,0.0792789216952964
2006-03-01,0.1073830414734091,0.053927107913186
2006-03-01,0.1076842782735579,0.053927107913186
2006-03-01,0.1076842782735579,0.053927107913186
2006-03-01,0.1079855150737067,0.053927107913186
2006-04-01,0.2768980388874301,0.0879357468024694
2006-04-01,0.2771992756875789,0.0879357468024694
2006-04-01,0.27719927568757896,0.0879357468024694
2006-04-01,0.2775005124877277,0.0879357468024694
2006-05-01,0.22502986207318051,0.1335233421091572
2006-05-01,0.22533109887332933,0.1335233421091572
2006-05-01,0.22533109887332933,0.1335233421091572
2006-05-01,0.2256323356734781,0.1335233421091572
2006-06-01,0.0936091226070672,0.0436424311062787
2006-06-01,0.093910359407216,0.0436424311062787
2006-06-01,0.093910359407216,0.0436424311062787
2006-06-01,0.0942115962073648,0.0436424311062787
2006-07-01,0.1413451355911501,0.0301476078512952
2006-07-01,0.13986098368570485,0.0301476078512952
2006-07-01,0.13986098368570485,0.0301476078512952
2006-07-01,0.13837683178025958,0.0301476078512952
2006-08-01,0.07321678130550714,0.0238955566888626
2006-08-01,0.07173262940006188,0.0238955566888626
2006-08-01,0.07173262940006188,0.0238955566888626
2006-08-01,0.07024847749461662,0.0238955566888626
2006-09-01,0.19348692594727213,-0.1016550893010821
2006-09-01,0.19200277404182686,-0.1016550893010821
2006-09-01,0.19200277404182686,-0.1016550893010821
2006-09-01,0.1905186221363816,-0.1016550893010821
2006-10-01,0.07169527907606933,-0.3132332700711314
2006-10-01,0.07021112717062407,-0.3132332700711314
2006-10-01,0.07021112717062407,-0.3132332700711314
2006-10-01,0.0687269752651788,-0.3132332700711314
2006-11-01,0.041682451951848574,-0.4050710862044002
2006-11-01,0.04019830004640331,-0.4050710862044002
2006-11-01,0.04019830004640331,-0.4050710862044002
2006-11-01,0.03871414814095805,-0.4050710862044002
2006-12-01,0.16802390169133927,-0.4086050200315241
2006-12-01,0.166539749785894,-0.4086050200315241
2006-12-01,0.166539749785894,-0.4086050200315241
2006-12-01,0.16505559788044874,-0.4086050200315241
2006-07-01,0.13855726543947133,0.0301476078512952
2006-07-01,0.13707311353402607,0.0301476078512952
2006-07-01,0.13707311353402607,0.0301476078512952
2006-07-01,0.1355889616285808,0.0301476078512952
2006-08-01,0.031074151256143767,0.0238955566888626
2006-08-01,0.029589999350698504,0.0238955566888626
2006-08-01,0.029589999350698504,0.0238955566888626
2006-08-01,0.02810584744525324,0.0238955566888626
2006-09-01,0.18133864998962967,-0.1016550893010821
2006-09-01,0.1798544980841844,-0.1016550893010821
2006-09-01,0.1798544980841844,-0.1016550893010821
2006-09-01,0.17837034617873915,-0.1016550893010821
2006-10-01,0.0015003303654529399,-0.3132332700711314
2006-10-01,1.617846000767642e-05,-0.3132332700711314
2006-10-01,1.617846000767642e-05,-0.3132332700711314
2006-10-01,-0.001467973445437587,-0.3132332700711314
2006-11-01,0.05535929829639571,-0.4050710862044002
2006-11-01,0.053875146390950444,-0.4050710862044002
2006-11-01,0.053875146390950444,-0.4050710862044002
2006-11-01,0.05239099448550518,-0.4050710862044002
2006-12-01,0.17671303267953783,-0.4086050200315241
2006-12-01,0.17522888077409257,-0.4086050200315241
2006-12-01,0.17522888077409257,-0.4086050200315241
2006-12-01,0.1737447288686473,-0.4086050200315241
2007-01-01,0.1452619153329716,-0.5092159403689447
2007-01-01,0.1405425054190883,-0.5092159403689447
2007-01-01,0.1405425054190883,-0.5092159403689447
2007-01-01,0.13582309550520502,-0.5092159403689447
2007-02-01,0.22880623559343224,-0.6030752778310303
2007-02-01,0.22408682567954896,-0.6030752778310303
2007-02-01,0.22408682567954896,-0.6030752778310303
2007-02-01,0.21936741576566568,-0.6030752778310303
2007-03-01,0.20541933880569252,-0.5345751984498256
2007-03-01,0.20069992889180924,-0.5345751984498256
2007-03-01,0.20069992889180924,-0.5345751984498256
2007-03-01,0.19598051897792598,-0.5345751984498256
2007-04-01,0.20253507375402932,-0.4832025244276416
2007-04-01,0.19781566384014604,-0.4832025244276416
2007-04-01,0.19781566384014604,-0.4832025244276416
2007-04-01,0.19309625392626276,-0.4832025244276416
2007-05-01,0.22021831457155353,-0.459751161463561
2007-05-01,0.21549890465767027,-0.459751161463561
2007-05-01,0.21549890465767027,-0.459751161463561
2007-05-01,0.210779494743787,-0.459751161463561
2007-06-01,0.16993170444724512,-0.4456774858607393
2007-06-01,0.16521229453336184,-0.4456774858607393
2007-06-01,0.16521229453336184,-0.4456774858607393
2007-06-01,0.16049288461947855,-0.4456774858607393
2007-01-01,0.11749097689992942,-0.5092159403689447
2007-01-01,0.11277156698604614,-0.5092159403689447
2007-01-01,0.11277156698604614,-0.5092159403689447
2007-01-01,0.10805215707216287,-0.5092159403689447
2007-02-01,0.23405117043186974,-0.6030752778310303
2007-02-01,0.22933176051798645,-0.6030752778310303
2007-02-01,0.22933176051798645,-0.6030752778310303
2007-02-01,0.2246123506041032,-0.6030752778310303
2007-03-01,0.17545334964438508,-0.5345751984498256
2007-03-01,0.1707339397305018,-0.5345751984498256
2007-03-01,0.1707339397305018,-0.5345751984498256
2007-03-01,0.16601452981661854,-0.5345751984498256
2007-04-01,0.20606283932130984,-0.4832025244276416
2007-04-01,0.20134342940742656,-0.4832025244276416
2007-04-01,0.20134342940742656,-0.4832025244276416
2007-04-01,0.19662401949354327,-0.4832025244276416
2007-05-01,0.3176220259416934,-0.459751161463561
2007-05-01,0.31290261602781017,-0.459751161463561
2007-05-01,0.31290261602781017,-0.459751161463561
2007-05-01,0.30818320611392686,-0.459751161463561
2007-06-01,0.24150555075344812,-0.4456774858607393
2007-06-01,0.23678614083956484,-0.4456774858607393
2007-06-01,0.23678614083956484,-0.4456774858607393
2007-06-01,0.23206673092568156,-0.4456774858607393
2007-07-01,0.17881145064623838,-0.3419129823592026
2007-07-01,0.17085242860508698,-0.3419129823592026
2007-07-01,0.17085242860508698,-0.3419129823592026
2007-07-01,0.16289340656393556,-0.3419129823592026
2007-08-01,0.35721504164935647,-0.3183907677790186
2007-08-01,0.349256019608205,-0.3183907677790186
2007-08-01,0.349256019608205,-0.3183907677790186
2007-08-01,0.3412969975670537,-0.3183907677790186
2007-09-01,0.21487131044881172,-0.3215310788700515
2007-09-01,0.20691228840766032,-0.3215310788700515
2007-09-01,0.20691228840766032,-0.3215310788700515
2007-09-01,0.19895326636650892,-0.3215310788700515
2007-10-01,0.20621241728082326,-0.3544193133295088
2007-10-01,0.19825339523967186,-0.3544193133295088
2007-10-01,0.19825339523967186,-0.3544193133295088
2007-10-01,0.19029437319852047,-0.3544193133295088
2007-11-01,0.19425623779699322,-0.2551323885967319
2007-11-01,0.18629721575584182,-0.2551323885967319
2007-11-01,0.18629721575584182,-0.2551323885967319
2007-11-01,0.17833819371469042,-0.2551323885967319
2007-12-01,0.21898931457884896,-0.2248869826686304
2007-12-01,0.21103029253769756,-0.2248869826686304
2007-12-01,0.21103029253769756,-0.2248869826686304
2007-12-01,0.20307127049654616,-0.2248869826686304
2007-07-01,0.0379916994048247,-0.3419129823592026
2007-07-01,0.030032677363673304,-0.3419129823592026
2007-07-01,0.030032677363673304,-0.3419129823592026
2007-07-01,0.022073655322521906,-0.3419129823592026
2007-08-01,0.3440201216409511,-0.3183907677790186
2007-08-01,0.33606109959979974,-0.3183907677790186
2007-08-01,0.33606109959979974,-0.3183907677790186
2007-08-01,0.32810207755864834,-0.3183907677790186
2007-09-01,0.2788441959478678,-0.3215310788700515
2007-09-01,0.2708851739067164,-0.3215310788700515
2007-09-01,0.2708851739067164,-0.3215310788700515
2007-09-01,0.262926151865565,-0.3215310788700515
2007-10-01,0.05215647938706306,-0.3544193133295088
2007-10-01,0.04419745734591166,-0.3544193133295088
2007-10-01,0.04419745734591166,-0.3544193133295088
2007-10-01,0.036238435304760265,-0.3544193133295088
2007-11-01,0.10858008061511441,-0.2551323885967319
2007-11-01,0.10062105857396302,-0.2551323885967319
2007-11-01,0.10062105857396302,-0.2551323885967319
2007-11-01,0.09266203653281162,-0.2551323885967319
2007-12-01,0.2859378903624157,-0.2248869826686304
2007-12-01,0.2779788683212643,-0.2248869826686304
2007-12-01,0.2779788683212643,-0.2248869826686304
2007-12-01,0.2700198462801129,-0.2248869826686304
2008-01-01,0.015760420648911238,-0.1995406756686465
2008-01-01,0.01058982243790807,-0.1995406756686465
2008-01-01,0.01058982243790807,-0.1995406756686465
2008-01-01,0.005419224226904902,-0.1995406756686465
2008-02-01,0.08741908711758539,-0.1426402268919717
2008-02-01,0.08224848890658223,-0.1426402268919717
2008-02-01,0.08224848890658223,-0.1426402268919717
2008-02-01,0.07707789069557906,-0.1426402268919717
2008-03-01,0.3480449902897424,-0.0745592037163146
2008-03-01,0.3428743920787392,-0.0745592037163146
2008-03-01,0.3428743920787392,-0.0745592037163146
2008-03-01,0.3377037938677361,-0.0745592037163146
2008-04-01,0.01275981900544674,-0.105768681720222
2008-04-01,0.007589220794443574,-0.105768681720222
2008-04-01,0.007589220794443574,-0.105768681720222
2008-04-01,0.002418622583440407,-0.105768681720222
2008-05-01,0.0740629890217293,-0.2035613119977646
2008-05-01,0.06889239081072614,-0.2035613119977646
2008-05-01,0.06889239081072614,-0.2035613119977646
2008-05-01,0.06372179259972297,-0.2035613119977646
2008-06-01,0.23815131259889477,-0.1694126164450883
2008-06-01,0.2329807143878916,-0.1694126164450883
2008-06-01,0.2329807143878916,-0.1694126164450883
2008-06-01,0.22781011617688848,-0.1694126164450883
2008-01-01,-0.034036147473825995,-0.1995406756686465
2008-01-01,-0.03920674568482916,-0.1995406756686465
2008-01-01,-0.03920674568482916,-0.1995406756686465
2008-01-01,-0.04437734389583233,-0.1995406756686465
2008-02-01,-0.04827277140582046,-0.1426402268919717
2008-02-01,-0.05344336961682363,-0.1426402268919717
2008-02-01,-0.05344336961682363,-0.1426402268919717
2008-02-01,-0.058613967827826796,-0.1426402268919717
2008-03-01,0.28930029593079687,-0.0745592037163146
2008-03-01,0.28412969771979374,-0.0745592037163146
2008-03-01,0.28412969771979374,-0.0745592037163146
2008-03-01,0.27895909950879055,-0.0745592037163146
2008-04-01,0.016706202060688496,-0.105768681720222
2008-04-01,0.011535603849685327,-0.105768681720222
2008-04-01,0.011535603849685327,-0.105768681720222
2008-04-01,0.00636500563868216,-0.105768681720222
2008-05-01,0.1100301836317981,-0.2035613119977646
2008-05-01,0.10485958542079493,-0.2035613119977646
2008-05-01,0.10485958542079493,-0.2035613119977646
2008-05-01,0.09968898720979176,-0.2035613119977646
2008-06-01,0.016573475331533933,-0.1694126164450883
2008-06-01,0.011402877120530766,-0.1694126164450883
2008-06-01,0.011402877120530766,-0.1694126164450883
2008-06-01,0.0062322789095276,-0.1694126164450883
2008-07-01,0.0497617970801487,-0.094316887675911
2008-07-01,0.04657494856943093,-0.094316887675911
2008-07-01,0.04657494856943093,-0.094316887675911
2008-07-01,0.043388100058713165,-0.094316887675911
2008-08-01,0.29827953515860856,-0.1556763643622552
2008-08-01,0.2950926866478908,-0.1556763643622552
2008-08-01,0.29509268664789085,-0.1556763643622552
2008-08-01,0.291905838137173,-0.1556763643622552
2008-09-01,0.3638075010371238,0.0290001398775901
2008-09-01,0.360620652526406,0.0290001398775901
2008-09-01,0.360620652526406,0.0290001398775901
2008-09-01,0.3574338040156883,0.0290001398775901
2008-10-01,0.24118800361320858,0.2470383656994551
2008-10-01,0.23800115510249079,0.2470383656994551
2008-10-01,0.23800115510249084,0.2470383656994551
2008-10-01,0.23481430659177305,0.2470383656994551
2008-11-01,0.3716877663183822,0.3191859366673116
2008-11-01,0.3685009178076644,0.3191859366673116
2008-11-01,0.3685009178076644,0.3191859366673116
2008-11-01,0.3653140692969467,0.3191859366673116
2008-12-01,0.5187326295483069,0.3741500424357277
2008-12-01,0.5155457810375892,0.3741500424357277
2008-12-01,0.5155457810375892,0.3741500424357277
2008-12-01,0.5123589325268715,0.3741500424357277
2008-07-01,0.06269285710726297,-0.094316887675911
2008-07-01,0.0595060085965452,-0.094316887675911
2008-07-01,0.0595060085965452,-0.094316887675911
2008-07-01,0.056319160085827435,-0.094316887675911
2008-08-01,-0.1642497801226482,-0.1556763643622552
2008-08-01,-0.16743662863336597,-0.1556763643622552
2008-08-01,-0.16743662863336603,-0.1556763643622552
2008-08-01,-0.17062347714408377,-0.1556763643622552
2008-09-01,0.19654918634762422,0.0290001398775901
2008-09-01,0.19336233783690648,0.0290001398775901
2008-09-01,0.19336233783690648,0.0290001398775901
2008-09-01,0.1901754893261887,0.0290001398775901
2008-10-01,0.38264409170206637,0.2470383656994551
2008-10-01,0.3794572431913486,0.2470383656994551
2008-10-01,0.37945724319134855,0.2470383656994551
2008-10-01,0.3762703946806308,0.2470383656994551
2008-11-01,0.23305473942732013,0.3191859366673116
2008-11-01,0.22986789091660234,0.3191859366673116
2008-11-01,0.2298678909166024,0.3191859366673116
2008-11-01,0.2266810424058846,0.3191859366673116
2008-12-01,0.43321528616995747,0.3741500424357277
2008-12-01,0.43002843765923976,0.3741500424357277
2008-12-01,0.43002843765923976,0.3741500424357277
2008-12-01,0.426841589148522,0.3741500424357277
2009-01-01,0.10311327137827848,0.4828651985635985
2009-01-01,0.1029291841444145,0.4828651985635985
2009-01-01,0.1029291841444145,0.4828651985635985
2009-01-01,0.10274509691055049,0.4828651985635985
2009-02-01,0.4388611657884132,0.6306843221549517
2009-02-01,0.43867707855454924,0.6306843221549517
2009-02-01,0.4386770785545491,0.6306843221549517
2009-02-01,0.4384929913206852,0.6306843221549517
2009-03-01,0.09728751031416423,0.550782429363073
2009-03-01,0.09710342308030023,0.550782429363073
2009-03-01,0.09710342308030023,0.550782429363073
2009-03-01,0.09691933584643624,0.550782429363073
2009-04-01,0.29461199641161645,0.4846168503447737
2009-04-01,0.2944279091777524,0.4846168503447737
2009-04-01,0.29442790917775247,0.4846168503447737
2009-04-01,0.2942438219438885,0.4846168503447737
2009-05-01,0.26995805382276344,0.4165302527985002
2009-05-01,0.26977396658889946,0.4165302527985002
2009-05-01,0.26977396658889946,0.4165302527985002
2009-05-01,0.2695898793550355,0.4165302527985002
2009-06-01,0.23424024821351289,0.4001714401930675
2009-06-01,0.2340561609796489,0.4001714401930675
2009-06-01,0.23405616097964888,0.4001714401930675
2009-06-01,0.2338720737457849,0.4001714401930675
2009-01-01,-0.04411006798799986,0.4828651985635985
2009-01-01,-0.04429415522186386,0.4828651985635985
2009-01-01,-0.04429415522186386,0.4828651985635985
2009-01-01,-0.044478242455727866,0.4828651985635985
2009-02-01,-0.06154289411865257,0.6306843221549517
2009-02-01,-0.061726981352516565,0.6306843221549517
2009-02-01,-0.061726981352516565,0.6306843221549517
2009-02-01,-0.06191106858638057,0.6306843221549517
2009-03-01,-0.10456359797453525,0.550782429363073
2009-03-01,-0.10474768520839926,0.550782429363073
2009-03-01,-0.10474768520839926,0.550782429363073
2009-03-01,-0.10493177244226326,0.550782429363073
2009-04-01,0.30712358051055144,0.4846168503447737
2009-04-01,0.3069394932766874,0.4846168503447737
2009-04-01,0.30693949327668746,0.4846168503447737
2009-04-01,0.3067554060428235,0.4846168503447737
2009-05-01,0.3008565878428063,0.4165302527985002
2009-05-01,0.3006725006089423,0.4165302527985002
2009-05-01,0.3006725006089423,0.4165302527985002
2009-05-01,0.3004884133750783,0.4165302527985002
2009-06-01,0.30608131140831946,0.4001714401930675
2009-06-01,0.3058972241744555,0.4001714401930675
2009-06-01,0.3058972241744555,0.4001714401930675
2009-06-01,0.3057131369405915,0.4001714401930675
2009-07-01,0.33273079212946527,0.3080102770246872
2009-07-01,0.33633945977976815,0.3080102770246872
2009-07-01,0.33633945977976815,0.3080102770246872
2009-07-01,0.3399481274300711,0.3080102770246872
2009-08-01,0.16566465957373394,0.2151919635439443
2009-08-01,0.16927332722403685,0.2151919635439443
2009-08-01,0.16927332722403685,0.2151919635439443
2009-08-01,0.17288199487433975,0.2151919635439443
2009-09-01,0.23145595509667216,0.1084009212204744
2009-09-01,0.23506462274697504,0.1084009212204744
2009-09-01,0.23506462274697504,0.1084009212204744
2009-09-01,0.23867329039727792,0.1084009212204744
2009-10-01,0.003345467930262728,0.2314053376569781
2009-10-01,0.006954135580565633,0.2314053376569781
2009-10-01,0.006954135580565633,0.2314053376569781
2009-10-01,0.010562803230868537,0.2314053376569781
2009-11-01,-0.0419998142400396,0.1675488197644064
2009-11-01,-0.0383911465897367,0.1675488197644064
2009-11-01,-0.03839114658973669,0.1675488197644064
2009-11-01,-0.034782478939433786,0.1675488197644064
2009-12-01,0.16317377253078263,0.159022431651921
2009-12-01,0.16678244018108554,0.159022431651921
2009-12-01,0.16678244018108557,0.159022431651921
2009-12-01,0.17039110783138844,0.159022431651921
2009-07-01,0.2749995905699493,0.3080102770246872
2009-07-01,0.2786082582202522,0.3080102770246872
2009-07-01,0.2786082582202522,0.3080102770246872
2009-07-01,0.2822169258705551,0.3080102770246872
2009-08-01,0.035627142351968295,0.2151919635439443
2009-08-01,0.0392358100022712,0.2151919635439443
2009-08-01,0.0392358100022712,0.2151919635439443
2009-08-01,0.042844477652574105,0.2151919635439443
2009-09-01,0.12716436807249212,0.1084009212204744
2009-09-01,0.13077303572279506,0.1084009212204744
2009-09-01,0.13077303572279503,0.1084009212204744
2009-09-01,0.13438170337309793,0.1084009212204744
2009-10-01,-0.0015707044802972618,0.2314053376569781
2009-10-01,0.002037963170005643,0.2314053376569781
2009-10-01,0.002037963170005643,0.2314053376569781
2009-10-01,0.005646630820308547,0.2314053376569781
2009-11-01,-0.01362827681013177,0.1675488197644064
2009-11-01,-0.010019609159828866,0.1675488197644064
2009-11-01,-0.010019609159828866,0.1675488197644064
2009-11-01,-0.006410941509525962,0.1675488197644064
2009-12-01,0.0552163104531673,0.159022431651921
2009-12-01,0.058824978103470205,0.159022431651921
2009-12-01,0.058824978103470205,0.159022431651921
2009-12-01,0.06243364575377311,0.159022431651921
2010-01-01,0.02020504679455597,0.2413737435705051
2010-01-01,0.020699363500469237,0.2413737435705051
2010-01-01,0.020699363500469237,0.2413737435705051
2010-01-01,0.021193680206382504,0.2413737435705051
2010-02-01,0.07248700324557061,0.2531450098276502
2010-02-01,0.07298131995148388,0.2531450098276502
2010-02-01,0.07298131995148388,0.2531450098276502
2010-02-01,0.07347563665739715,0.2531450098276502
2010-03-01,0.1649502576991226,0.2257040049169733
2010-03-01,0.16544457440503588,0.2257040049169733
2010-03-01,0.16544457440503588,0.2257040049169733
2010-03-01,0.16593889111094914,0.2257040049169733
2010-04-01,0.24067328522074247,0.2036543654031112
2010-04-01,0.24116760192665573,0.2036543654031112
2010-04-01,0.24116760192665573,0.2036543654031112
2010-04-01,0.241661918632569,0.2036543654031112
2010-05-01,0.2922742132741232,0.2245084225955024
2010-05-01,0.29276852998003644,0.2245084225955024
2010-05-01,0.29276852998003644,0.2245084225955024
2010-05-01,0.2932628466859497,0.2245084225955024
2010-06-01,0.11862590930537283,0.317415265368033
2010-06-01,0.11912022601128609,0.317415265368033
2010-06-01,0.11912022601128609,0.317415265368033
2010-06-01,0.11961454271719936,0.317415265368033
2010-01-01,0.07436426131418906,0.2413737435705051
2010-01-01,0.07485857802010233,0.2413737435705051
2010-01-01,0.07485857802010233,0.2413737435705051
2010-01-01,0.0753528947260156,0.2413737435705051
2010-02-01,0.13485668670104148,0.2531450098276502
2010-02-01,0.13535100340695475,0.2531450098276502
2010-02-01,0.13535100340695475,0.2531450098276502
2010-02-01,0.135845320112868,0.2531450098276502
2010-03-01,0.27734799516423386,0.2257040049169733
2010-03-01,0.27784231187014713,0.2257040049169733
2010-03-01,0.27784231187014713,0.2257040049169733
2010-03-01,0.2783366285760604,0.2257040049169733
2010-04-01,0.23744927506242086,0.2036543654031112
2010-04-01,0.23794359176833413,0.2036543654031112
2010-04-01,0.23794359176833413,0.2036543654031112
2010-04-01,0.2384379084742474,0.2036543654031112
2010-05-01,0.2953526354155302,0.2245084225955024
2010-05-01,0.29584695212144346,0.2245084225955024
2010-05-01,0.29584695212144346,0.2245084225955024
2010-05-01,0.29634126882735673,0.2245084225955024
2010-06-01,0.1105745806901174,0.317415265368033
2010-06-01,0.11106889739603067,0.317415265368033
2010-06-01,0.11106889739603067,0.317415265368033
2010-06-01,0.11156321410194393,0.317415265368033
2010-07-01,0.20096883490594933,0.263106190303806
2010-07-01,0.20187335107123802,0.263106190303806
2010-07-01,0.20187335107123802,0.263106190303806
2010-07-01,0.20277786723652666,0.263106190303806
2010-08-01,0.21397783601682888,0.3338741784171166
2010-08-01,0.21488235218211757,0.3338741784171166
2010-08-01,0.21488235218211757,0.3338741784171166
2010-08-01,0.21578686834740624,0.3338741784171166
2010-09-01,0.18405002737094914,0.2731395363509445
2010-09-01,0.18495454353623783,0.2731395363509445
2010-09-01,0.18495454353623783,0.2731395363509445
2010-09-01,0.18585905970152647,0.2731395363509445
2010-10-01,0.06493107655428651,0.2172831469697764
2010-10-01,0.06583559271957518,0.2172831469697764
2010-10-01,0.06583559271957518,0.2172831469697764
2010-10-01,0.06674010888486384,0.2172831469697764
2010-11-01,0.04122766803723538,0.2229268222791325
2010-11-01,0.04213218420252404,0.2229268222791325
2010-11-01,0.04213218420252404,0.2229268222791325
2010-11-01,0.04303670036781271,0.2229268222791325
2010-12-01,0.0948641827273224,0.1671091418582568
2010-12-01,0.09576869889261108,0.1671091418582568
2010-12-01,0.09576869889261108,0.1671091418582568
2010-12-01,0.09667321505789973,0.1671091418582568
2010-07-01,0.08717214607791074,0.263106190303806
2010-07-01,0.08807666224319939,0.263106190303806
2010-07-01,0.08807666224319939,0.263106190303806
2010-07-01,0.08898117840848807,0.263106190303806
2010-08-01,0.21153461222369074,0.3338741784171166
2010-08-01,0.2124391283889794,0.3338741784171166
2010-08-01,0.2124391283889794,0.3338741784171166
2010-08-01,0.2133436445542681,0.3338741784171166
2010-09-01,0.21164355487665595,0.2731395363509445
2010-09-01,0.21254807104194462,0.2731395363509445
2010-09-01,0.21254807104194462,0.2731395363509445
2010-09-01,0.21345258720723326,0.2731395363509445
2010-10-01,0.024327493201552437,0.2172831469697764
2010-10-01,0.025232009366841102,0.2172831469697764
2010-10-01,0.025232009366841102,0.2172831469697764
2010-10-01,0.026136525532129768,0.2172831469697764
2010-11-01,-0.1451754853173571,0.2229268222791325
2010-11-01,-0.1442709691520684,0.2229268222791325
2010-11-01,-0.1442709691520684,0.2229268222791325
2010-11-01,-0.14336645298677975,0.2229268222791325
2010-12-01,-0.047230424656741536,0.1671091418582568
2010-12-01,-0.04632590849145287,0.1671091418582568
2010-12-01,-0.04632590849145286,0.1671091418582568
2010-12-01,-0.04542139232616419,0.1671091418582568
2011-01-01,-0.0533323405966597,0.1939994276147106
2011-01-01,-0.05246011513731727,0.1939994276147106
2011-01-01,-0.05246011513731726,0.1939994276147106
2011-01-01,-0.051587889677974834,0.1939994276147106
2011-02-01,-0.07027717404332497,0.1725296563737929
2011-02-01,-0.06940494858398254,0.1725296563737929
2011-02-01,-0.06940494858398254,0.1725296563737929
2011-02-01,-0.06853272312464011,0.1725296563737929
2011-03-01,0.026836265474445075,0.2096783191857084
2011-03-01,0.027708490933787504,0.2096783191857084
2011-03-01,0.027708490933787504,0.2096783191857084
2011-03-01,0.028580716393129934,0.2096783191857084
2011-04-01,-0.0017496040283376628,0.2001578314090227
2011-04-01,-0.0008773785689952333,0.2001578314090227
2011-04-01,-0.0008773785689952333,0.2001578314090227
2011-04-01,-5.153109652803837e-06,0.2001578314090227
2011-05-01,0.22431352772484306,0.2347712548739566
2011-05-01,0.22518575318418552,0.2347712548739566
2011-05-01,0.22518575318418552,0.2347712548739566
2011-05-01,0.22605797864352795,0.2347712548739566
2011-06-01,0.1586701879483502,0.2383508986797278
2011-06-01,0.15954241340769262,0.2383508986797278
2011-06-01,0.15954241340769262,0.2383508986797278
2011-06-01,0.16041463886703508,0.2383508986797278
2011-01-01,-0.15899087460010394,0.1939994276147106
2011-01-01,-0.15811864914076149,0.1939994276147106
2011-01-01,-0.15811864914076149,0.1939994276147106
2011-01-01,-0.15724642368141906,0.1939994276147106
2011-02-01,-0.021028116302851656,0.1725296563737929
2011-02-01,-0.020155890843509227,0.1725296563737929
2011-02-01,-0.020155890843509227,0.1725296563737929
2011-02-01,-0.019283665384166798,0.1725296563737929
2011-03-01,0.07703025829628797,0.2096783191857084
2011-03-01,0.0779024837556304,0.2096783191857084
2011-03-01,0.0779024837556304,0.2096783191857084
2011-03-01,0.07877470921497283,0.2096783191857084
2011-04-01,0.05148557511450671,0.2001578314090227
2011-04-01,0.05235780057384914,0.2001578314090227
2011-04-01,0.05235780057384914,0.2001578314090227
2011-04-01,0.05323002603319157,0.2001578314090227
2011-05-01,0.1476003698875971,0.2347712548739566
2011-05-01,0.14847259534693955,0.2347712548739566
2011-05-01,0.14847259534693955,0.2347712548739566
2011-05-01,0.14934482080628197,0.2347712548739566
2011-06-01,0.10443342765995305,0.2383508986797278
2011-06-01,0.10530565311929548,0.2383508986797278
2011-06-01,0.10530565311929548,0.2383508986797278
2011-06-01,0.1061778785786379,0.2383508986797278
2011-07-01,0.20335477029029006,0.3089436725956672
2011-07-01,0.20383757871573102,0.3089436725956672
2011-07-01,0.20383757871573102,0.3089436725956672
2011-07-01,0.20432038714117193,0.3089436725956672
2011-08-01,0.24017911782772264,0.3350376262670357
2011-08-01,0.2406619262531636,0.3350376262670357
2011-08-01,0.2406619262531636,0.3350376262670357
2011-08-01,0.2411447346786045,0.3350376262670357
2011-09-01,0.3816712855825078,0.4381414856689092
2011-09-01,0.3821540940079487,0.4381414856689092
2011-09-01,0.3821540940079487,0.4381414856689092
2011-09-01,0.3826369024333896,0.4381414856689092
2011-10-01,0.12334450983956363,0.3798163759987115
2011-10-01,0.12382731826500455,0.3798163759987115
2011-10-01,0.12382731826500455,0.3798163759987115
2011-10-01,0.1243101266904455,0.3798163759987115
2011-11-01,0.16688018301724372,0.4130956941234357
2011-11-01,0.16736299144268466,0.4130956941234357
2011-11-01,0.16736299144268466,0.4130956941234357
2011-11-01,0.16784579986812562,0.4130956941234357
2011-12-01,0.2410782162655883,0.4282974930538105
2011-12-01,0.24156102469102922,0.4282974930538105
2011-12-01,0.24156102469102925,0.4282974930538105
2011-12-01,0.24204383311647018,0.4282974930538105
2011-07-01,0.19676934633876977,0.3089436725956672
2011-07-01,0.19725215476421068,0.3089436725956672
2011-07-01,0.19725215476421068,0.3089436725956672
2011-07-01,0.19773496318965164,0.3089436725956672
2011-08-01,0.24398787221153131,0.3350376262670357
2011-08-01,0.24447068063697222,0.3350376262670357
2011-08-01,0.24447068063697222,0.3350376262670357
2011-08-01,0.24495348906241313,0.3350376262670357
2011-09-01,0.2916680133464804,0.4381414856689092
2011-09-01,0.2921508217719213,0.4381414856689092
2011-09-01,0.2921508217719213,0.4381414856689092
2011-09-01,0.2926336301973622,0.4381414856689092
2011-10-01,0.23896305241006752,0.3798163759987115
2011-10-01,0.23944586083550842,0.3798163759987115
2011-10-01,0.23944586083550842,0.3798163759987115
2011-10-01,0.23992866926094933,0.3798163759987115
2011-11-01,0.20219584953656664,0.4130956941234357
2011-11-01,0.20267865796200754,0.4130956941234357
2011-11-01,0.20267865796200757,0.4130956941234357
2011-11-01,0.2031614663874485,0.4130956941234357
2011-12-01,0.2782799741182776,0.4282974930538105
2011-12-01,0.2787627825437185,0.4282974930538105
2011-12-01,0.2787627825437185,0.4282974930538105
2011-12-01,0.2792455909691594,0.4282974930538105
2012-01-01,0.32334917228098337,0.3470813963600542
2012-01-01,0.32534727874188446,0.3470813963600542
2012-01-01,0.32534727874188446,0.3470813963600542
2012-01-01,0.3273453852027855,0.3470813963600542
2012-02-01,0.23923626623455588,0.3491020803392793
2012-02-01,0.24123437269545692,0.3491020803392793
2012-02-01,0.24123437269545697,0.3491020803392793
2012-02-01,0.243232479156358,0.3491020803392793
2012-03-01,0.1867360188795343,0.3257059942454053
2012-03-01,0.1887341253404354,0.3257059942454053
2012-03-01,0.1887341253404354,0.3257059942454053
2012-03-01,0.19073223180133647,0.3257059942454053
2012-04-01,0.0354037389466926,0.3393308002602656
2012-04-01,0.03740184540759367,0.3393308002602656
2012-04-01,0.03740184540759367,0.3393308002602656
2012-04-01,0.03939995186849474,0.3393308002602656
2012-05-01,0.2650646796323004,0.4242076271568017
2012-05-01,0.2670627860932015,0.4242076271568017
2012-05-01,0.2670627860932015,0.4242076271568017
2012-05-01,0.26906089255410254,0.4242076271568017
2012-06-01,0.1994913520921381,0.4048624821383949
2012-06-01,0.20148945855303915,0.4048624821383949
2012-06-01,0.2014894585530392,0.4048624821383949
2012-06-01,0.20348756501394025,0.4048624821383949
2012-01-01,0.3757738623105969,0.3470813963600542
2012-01-01,0.377771968771498,0.3470813963600542
2012-01-01,0.377771968771498,0.3470813963600542
2012-01-01,0.3797700752323991,0.3470813963600542
2012-02-01,0.2830760022992218,0.3491020803392793
2012-02-01,0.2850741087601229,0.3491020803392793
2012-02-01,0.2850741087601229,0.3491020803392793
2012-02-01,0.28707221522102394,0.3491020803392793
2012-03-01,0.1808814721260442,0.3257059942454053
2012-03-01,0.18287957858694523,0.3257059942454053
2012-03-01,0.18287957858694526,0.3257059942454053
2012-03-01,0.1848776850478463,0.3257059942454053
2012-04-01,0.09603245960999113,0.3393308002602656
2012-04-01,0.09803056607089218,0.3393308002602656
2012-04-01,0.09803056607089221,0.3393308002602656
2012-04-01,0.10002867253179326,0.3393308002602656
2012-05-01,0.2024007184404685,0.4242076271568017
2012-05-01,0.20439882490136954,0.4242076271568017
2012-05-01,0.2043988249013696,0.4242076271568017
2012-05-01,0.20639693136227064,0.4242076271568017
2012-06-01,0.10786595192319037,0.4048624821383949
2012-06-01,0.10986405838409143,0.4048624821383949
2012-06-01,0.10986405838409143,0.4048624821383949
2012-06-01,0.11186216484499249,0.4048624821383949
2012-07-01,0.32770503653846755,0.3795740735758433
2012-07-01,0.3294396475580584,0.3795740735758433
2012-07-01,0.3294396475580584,0.3795740735758433
2012-07-01,0.3311742585776492,0.3795740735758433
2012-08-01,0.16150892758339896,0.3935346204362229
2012-08-01,0.16324353860298982,0.3935346204362229
2012-08-01,0.1632435386029898,0.3935346204362229
2012-08-01,0.16497814962258064,0.3935346204362229
2012-09-01,0.16865238075418595,0.3546074194157921
2012-09-01,0.1703869917737768,0.3546074194157921
2012-09-01,0.1703869917737768,0.3546074194157921
2012-09-01,0.17212160279336763,0.3546074194157921
2012-10-01,0.16233421814231372,0.3962512756512968
2012-10-01,0.16406882916190454,0.3962512756512968
2012-10-01,0.16406882916190454,0.3962512756512968
2012-10-01,0.16580344018149537,0.3962512756512968
2012-11-01,0.11345826139136535,0.4177087349148998
2012-11-01,0.1151928724109562,0.4177087349148998
2012-11-01,0.11519287241095622,0.4177087349148998
2012-11-01,0.11692748343054704,0.4177087349148998
2012-12-01,0.32584365315135994,0.4062740759089996
2012-12-01,0.3275782641709508,0.4062740759089996
2012-12-01,0.3275782641709508,0.4062740759089996
2012-12-01,0.32931287519054164,0.4062740759089996
2012-07-01,0.34906157016645456,0.3795740735758433
2012-07-01,0.3507961811860454,0.3795740735758433
2012-07-01,0.3507961811860454,0.3795740735758433
2012-07-01,0.3525307922056362,0.3795740735758433
2012-08-01,0.16292837701199028,0.3935346204362229
2012-08-01,0.16466298803158114,0.3935346204362229
2012-08-01,0.1646629880315811,0.3935346204362229
2012-08-01,0.16639759905117196,0.3935346204362229
2012-09-01,0.19420728229027504,0.3546074194157921
2012-09-01,0.19594189330986586,0.3546074194157921
2012-09-01,0.19594189330986586,0.3546074194157921
2012-09-01,0.1976765043294567,0.3546074194157921
2012-10-01,0.21580723169792226,0.3962512756512968
2012-10-01,0.2175418427175131,0.3962512756512968
2012-10-01,0.2175418427175131,0.3962512756512968
2012-10-01,0.21927645373710392,0.3962512756512968
2012-11-01,0.19368932489792923,0.4177087349148998
2012-11-01,0.19542393591752005,0.4177087349148998
2012-11-01,0.19542393591752005,0.4177087349148998
2012-11-01,0.19715854693711088,0.4177087349148998
2012-12-01,0.2781405517565045,0.4062740759089996
2012-12-01,0.2798751627760953,0.4062740759089996
2012-12-01,0.2798751627760953,0.4062740759089996
2012-12-01,0.28160977379568614,0.4062740759089996
2013-01-01,0.2265139797153616,0.3262742849528878
2013-01-01,0.22838083215536575,0.3262742849528878
2013-01-01,0.22838083215536575,0.3262742849528878
2013-01-01,0.2302476845953699,0.3262742849528878
2013-02-01,0.24873156844185376,0.3682778387399254
2013-02-01,0.2505984208818579,0.3682778387399254
2013-02-01,0.2505984208818579,0.3682778387399254
2013-02-01,0.252465273321862,0.3682778387399254
2013-03-01,0.3988288712531678,0.3151793670954697
2013-03-01,0.4006957236931719,0.3151793670954697
2013-03-01,0.4006957236931719,0.3151793670954697
2013-03-01,0.4025625761331761,0.3151793670954697
2013-04-01,0.3046078181058726,0.3059353834372204
2013-04-01,0.30647467054587674,0.3059353834372204
2013-04-01,0.30647467054587674,0.3059353834372204
2013-04-01,0.30834152298588086,0.3059353834372204
2013-05-01,0.18402335593259367,0.295374163837074
2013-05-01,0.18589020837259776,0.295374163837074
2013-05-01,0.18589020837259776,0.295374163837074
2013-05-01,0.1877570608126019,0.295374163837074
2013-06-01,0.2579370520171735,0.288287259661391
2013-06-01,0.2598039044571776,0.288287259661391
2013-06-01,0.2598039044571776,0.288287259661391
2013-06-01,0.2616707568971817,0.288287259661391
2013-01-01,0.2492301253541239,0.3262742849528878
2013-01-01,0.25109697779412804,0.3262742849528878
2013-01-01,0.25109697779412804,0.3262742849528878
2013-01-01,0.25296383023413216,0.3262742849528878
2013-02-01,0.368937376333283,0.3682778387399254
2013-02-01,0.3708042287732871,0.3682778387399254
2013-02-01,0.3708042287732871,0.3682778387399254
2013-02-01,0.37267108121329123,0.3682778387399254
2013-03-01,0.43447272818661603,0.3151793670954697
2013-03-01,0.43633958062662015,0.3151793670954697
2013-03-01,0.43633958062662015,0.3151793670954697
2013-03-01,0.43820643306662427,0.3151793670954697
2013-04-01,0.2870958524754545,0.3059353834372204
2013-04-01,0.2889627049154586,0.3059353834372204
2013-04-01,0.2889627049154586,0.3059353834372204
2013-04-01,0.29082955735546273,0.3059353834372204
2013-05-01,0.24607926263938631,0.295374163837074
2013-05-01,0.24794611507939043,0.295374163837074
2013-05-01,0.24794611507939046,0.295374163837074
2013-05-01,0.24981296751939455,0.295374163837074
2013-06-01,0.30313360555628344,0.288287259661391
2013-06-01,0.30500045799628756,0.288287259661391
2013-06-01,0.30500045799628756,0.288287259661391
2013-06-01,0.3068673104362917,0.288287259661391
2013-07-01,0.06573545256954062,0.2602395788808824
2013-07-01,0.06690335028052143,0.2602395788808824
2013-07-01,0.06690335028052143,0.2602395788808824
2013-07-01,0.06807124799150223,0.2602395788808824
2013-08-01,0.1548622584522471,0.2278033015721394
2013-08-01,0.1560301561632279,0.2278033015721394
2013-08-01,0.1560301561632279,0.2278033015721394
2013-08-01,0.1571980538742087,0.2278033015721394
2013-09-01,0.17576920584199937,0.1708004029889439
2013-09-01,0.17693710355298017,0.1708004029889439
2013-09-01,0.17693710355298017,0.1708004029889439
2013-09-01,0.17810500126396098,0.1708004029889439
2013-10-01,0.22918336083364585,0.2071689719969644
2013-10-01,0.23035125854462665,0.2071689719969644
2013-10-01,0.23035125854462665,0.2071689719969644
2013-10-01,0.23151915625560746,0.2071689719969644
2013-11-01,0.08833725756609319,0.1816102908649144
2013-11-01,0.08950515527707399,0.1816102908649144
2013-11-01,0.08950515527707399,0.1816102908649144
2013-11-01,0.0906730529880548,0.1816102908649144
2013-12-01,0.0619151520944485,0.138580648731571
2013-12-01,0.0630830498054293,0.138580648731571
2013-12-01,0.0630830498054293,0.138580648731571
2013-12-01,0.0642509475164101,0.138580648731571
2013-07-01,0.014327252250762664,0.2602395788808824
2013-07-01,0.015495149961743468,0.2602395788808824
2013-07-01,0.015495149961743468,0.2602395788808824
2013-07-01,0.01666304767272427,0.2602395788808824
2013-08-01,0.12072743068210967,0.2278033015721394
2013-08-01,0.12189532839309047,0.2278033015721394
2013-08-01,0.12189532839309047,0.2278033015721394
2013-08-01,0.12306322610407128,0.2278033015721394
2013-09-01,0.13547916398314797,0.1708004029889439
2013-09-01,0.13664706169412877,0.1708004029889439
2013-09-01,0.13664706169412877,0.1708004029889439
2013-09-01,0.13781495940510957,0.1708004029889439
2013-10-01,0.20971613205103756,0.2071689719969644
2013-10-01,0.21088402976201837,0.2071689719969644
2013-10-01,0.21088402976201837,0.2071689719969644
2013-10-01,0.21205192747299917,0.2071689719969644
2013-11-01,0.046782969514380025,0.1816102908649144
2013-11-01,0.04795086722536083,0.1816102908649144
2013-11-01,0.04795086722536083,0.1816102908649144
2013-11-01,0.04911876493634163,0.1816102908649144
2013-12-01,0.003497398056144833,0.138580648731571
2013-12-01,0.004665295767125636,0.138580648731571
2013-12-01,0.004665295767125636,0.138580648731571
2013-12-01,0.005833193478106439,0.138580648731571
2014-01-01,0.18790585690974015,0.1233964886781775
2014-01-01,0.18807485327113907,0.1233964886781775
2014-01-01,0.18807485327113907,0.1233964886781775
2014-01-01,0.18824384963253804,0.1233964886781775
2014-02-01,0.13744187572480718,0.0780601655755268
2014-02-01,0.13761087208620612,0.0780601655755268
2014-02-01,0.13761087208620612,0.0780601655755268
2014-02-01,0.13777986844760504,0.0780601655755268
2014-03-01,0.17369332389057338,0.1348989547884607
2014-03-01,0.17386232025197232,0.1348989547884607
2014-03-01,0.17386232025197232,0.1348989547884607
2014-03-01,0.17403131661337126,0.1348989547884607
2014-04-01,0.2115137039670345,0.1319054582211631
2014-04-01,0.21168270032843348,0.1319054582211631
2014-04-01,0.21168270032843342,0.1319054582211631
2014-04-01,0.21185169668983236,0.1319054582211631
2014-05-01,0.19234454157810557,0.1258320121194796
2014-05-01,0.19251353793950451,0.1258320121194796
2014-05-01,0.19251353793950454,0.1258320121194796
2014-05-01,0.19268253430090346,0.1258320121194796
2014-06-01,0.041153321699125105,0.1088677000585453
2014-06-01,0.041322318060524034,0.1088677000585453
2014-06-01,0.041322318060524034,0.1088677000585453
2014-06-01,0.04149131442192297,0.1088677000585453
2014-01-01,0.1570048802182181,0.1233964886781775
2014-01-01,0.15717387657961704,0.1233964886781775
2014-01-01,0.15717387657961704,0.1233964886781775
2014-01-01,0.15734287294101598,0.1233964886781775
2014-02-01,0.16016325852976143,0.0780601655755268
2014-02-01,0.16033225489116038,0.0780601655755268
2014-02-01,0.16033225489116035,0.0780601655755268
2014-02-01,0.1605012512525593,0.0780601655755268
2014-03-01,0.1472119350666666,0.1348989547884607
2014-03-01,0.14738093142806555,0.1348989547884607
2014-03-01,0.14738093142806552,0.1348989547884607
2014-03-01,0.14754992778946446,0.1348989547884607
2014-04-01,0.28504674466116287,0.1319054582211631
2014-04-01,0.2852157410225618,0.1319054582211631
2014-04-01,0.2852157410225618,0.1319054582211631
2014-04-01,0.2853847373839608,0.1319054582211631
2014-05-01,0.13269898781351916,0.1258320121194796
2014-05-01,0.1328679841749181,0.1258320121194796
2014-05-01,0.1328679841749181,0.1258320121194796
2014-05-01,0.13303698053631705,0.1258320121194796
2014-06-01,0.07522177770346673,0.1088677000585453
2014-06-01,0.07539077406486566,0.1088677000585453
2014-06-01,0.07539077406486566,0.1088677000585453
2014-06-01,0.07555977042626459,0.1088677000585453
2014-07-01,0.2087223005801229,0.1582182299885534
2014-07-01,0.20825909243944896,0.1582182299885534
2014-07-01,0.20825909243944896,0.1582182299885534
2014-07-01,0.20779588429877505,0.1582182299885534
2014-08-01,0.11816765977302175,0.1207100535085219
2014-08-01,0.11770445163234783,0.1207100535085219
2014-08-01,0.11770445163234783,0.1207100535085219
2014-08-01,0.1172412434916739,0.1207100535085219
2014-09-01,0.1423990531356113,0.1346605374006896
2014-09-01,0.14193584499493736,0.1346605374006896
2014-09-01,0.14193584499493736,0.1346605374006896
2014-09-01,0.14147263685426342,0.1346605374006896
2014-10-01,0.3260509092409423,0.0938934848961299
2014-10-01,0.3255877011002684,0.0938934848961299
2014-10-01,0.3255877011002684,0.0938934848961299
2014-10-01,0.3251244929595945,0.0938934848961299
2014-11-01,0.2314384203924964,0.1029685950793444
2014-11-01,0.23097521225182246,0.1029685950793444
2014-11-01,0.2309752122518224,0.1029685950793444
2014-11-01,0.2305120041111485,0.1029685950793444
2014-12-01,0.22939754517612343,0.125577192441003
2014-12-01,0.2289343370354495,0.125577192441003
2014-12-01,0.22893433703544952,0.125577192441003
2014-12-01,0.22847112889477558,0.125577192441003
2014-07-01,0.18572819506360386,0.1582182299885534
2014-07-01,0.18526498692292992,0.1582182299885534
2014-07-01,0.18526498692292992,0.1582182299885534
2014-07-01,0.184801778782256,0.1582182299885534
2014-08-01,0.13621638225798915,0.1207100535085219
2014-08-01,0.13575317411731522,0.1207100535085219
2014-08-01,0.13575317411731522,0.1207100535085219
2014-08-01,0.1352899659766413,0.1207100535085219
2014-09-01,0.1543187980888763,0.1346605374006896
2014-09-01,0.15385558994820236,0.1346605374006896
2014-09-01,0.15385558994820236,0.1346605374006896
2014-09-01,0.15339238180752843,0.1346605374006896
2014-10-01,0.24277014267977778,0.0938934848961299
2014-10-01,0.24230693453910382,0.0938934848961299
2014-10-01,0.24230693453910387,0.0938934848961299
2014-10-01,0.2418437263984299,0.0938934848961299
2014-11-01,0.2293229375769438,0.1029685950793444
2014-11-01,0.22885972943626987,0.1029685950793444
2014-11-01,0.22885972943626984,0.1029685950793444
2014-11-01,0.22839652129559593,0.1029685950793444
2014-12-01,0.16014225618142996,0.125577192441003
2014-12-01,0.15967904804075603,0.125577192441003
2014-12-01,0.15967904804075603,0.125577192441003
2014-12-01,0.15921583990008212,0.125577192441003
2015-01-01,0.31568231661993823,0.1733906676425102
2015-01-01,0.31528191505367986,0.1733906676425102
2015-01-01,0.31528191505367986,0.1733906676425102
2015-01-01,0.3148815134874215,0.1733906676425102
2015-02-01,0.2614753626407435,0.1572482563081683
2015-02-01,0.26107496107448513,0.1572482563081683
2015-02-01,0.2610749610744852,0.1572482563081683
2015-02-01,0.2606745595082268,0.1572482563081683
2015-03-01,0.21269750925415376,0.1743273187974192
2015-03-01,0.21229710768789542,0.1743273187974192
2015-03-01,0.21229710768789545,0.1743273187974192
2015-03-01,0.2118967061216371,0.1743273187974192
2015-04-01,0.18066828968838586,0.1744191103567036
2015-04-01,0.18026788812212755,0.1744191103567036
2015-04-01,0.18026788812212755,0.1744191103567036
2015-04-01,0.17986748655586918,0.1744191103567036
2015-05-01,0.08254247475715693,0.1756589823520692
2015-05-01,0.0821420731908986,0.1756589823520692
2015-05-01,0.0821420731908986,0.1756589823520692
2015-05-01,0.08174167162464026,0.1756589823520692
2015-06-01,0.16493227289139759,0.2025345803469162
2015-06-01,0.16453187132513925,0.2025345803469162
2015-06-01,0.16453187132513927,0.2025345803469162
2015-06-01,0.16413146975888093,0.2025345803469162
2015-01-01,0.2616991070631755,0.1733906676425102
2015-01-01,0.2612987054969172,0.1733906676425102
2015-01-01,0.2612987054969172,0.1733906676425102
2015-01-01,0.2608983039306589,0.1733906676425102
2015-02-01,0.23861556589899965,0.1572482563081683
2015-02-01,0.23821516433274129,0.1572482563081683
2015-02-01,0.23821516433274129,0.1572482563081683
2015-02-01,0.23781476276648295,0.1572482563081683
2015-03-01,0.2334296024918431,0.1743273187974192
2015-03-01,0.23302920092558477,0.1743273187974192
2015-03-01,0.23302920092558477,0.1743273187974192
2015-03-01,0.23262879935932643,0.1743273187974192
2015-04-01,0.17689652714390613,0.1744191103567036
2015-04-01,0.1764961255776478,0.1744191103567036
2015-04-01,0.1764961255776478,0.1744191103567036
2015-04-01,0.17609572401138948,0.1744191103567036
2015-05-01,0.04473305991451306,0.1756589823520692
2015-05-01,0.04433265834825473,0.1756589823520692
2015-05-01,0.04433265834825473,0.1756589823520692
2015-05-01,0.043932256781996394,0.1756589823520692
2015-06-01,0.16236490204991813,0.2025345803469162
2015-06-01,0.16196450048365976,0.2025345803469162
2015-06-01,0.16196450048365982,0.2025345803469162
2015-06-01,0.16156409891740145,0.2025345803469162
2015-07-01,0.1790595504336333,0.2005426982880256
2015-07-01,0.17907392081660314,0.2005426982880256
2015-07-01,0.17907392081660314,0.2005426982880256
2015-07-01,0.179088291199573,0.2005426982880256
2015-08-01,0.21533218435906218,0.266343009685579
2015-08-01,0.21534655474203201,0.266343009685579
2015-08-01,0.21534655474203201,0.266343009685579
2015-08-01,0.21536092512500185,0.266343009685579
2015-09-01,0.22787367309309794,0.3121394538454994
2015-09-01,0.2278880434760678,0.3121394538454994
2015-09-01,0.22788804347606775,0.3121394538454994
2015-09-01,0.22790241385903762,0.3121394538454994
2015-10-01,0.29504926569915796,0.2537949808542071
2015-10-01,0.2950636360821278,0.2537949808542071
2015-10-01,0.2950636360821278,0.2537949808542071
2015-10-01,0.2950780064650977,0.2537949808542071
2015-11-01,0.13989422190869458,0.2802547192083316
2015-11-01,0.13990859229166439,0.2802547192083316
2015-11-01,0.1399085922916644,0.2802547192083316
2015-11-01,0.13992296267463425,0.2802547192083316
2015-12-01,0.04626702717893313,0.3097432624741032
2015-12-01,0.046281397561902964,0.3097432624741032
2015-12-01,0.046281397561902964,0.3097432624741032
2015-12-01,0.0462957679448728,0.3097432624741032
2015-07-01,0.13016023177471536,0.2005426982880256
2015-07-01,0.1301746021576852,0.2005426982880256
2015-07-01,0.1301746021576852,0.2005426982880256
2015-07-01,0.13018897254065503,0.2005426982880256
2015-08-01,0.20392415167353942,0.266343009685579
2015-08-01,0.20393852205650928,0.266343009685579
2015-08-01,0.20393852205650928,0.266343009685579
2015-08-01,0.20395289243947912,0.266343009685579
2015-09-01,0.21925829981937836,0.3121394538454994
2015-09-01,0.2192726702023482,0.3121394538454994
2015-09-01,0.2192726702023482,0.3121394538454994
2015-09-01,0.21928704058531803,0.3121394538454994
2015-10-01,0.24945523755028487,0.2537949808542071
2015-10-01,0.2494696079332547,0.2537949808542071
2015-10-01,0.2494696079332547,0.2537949808542071
2015-10-01,0.24948397831622457,0.2537949808542071
2015-11-01,0.08836805284765625,0.2802547192083316
2015-11-01,0.0883824232306261,0.2802547192083316
2015-11-01,0.0883824232306261,0.2802547192083316
2015-11-01,0.08839679361359594,0.2802547192083316
2015-12-01,0.037885445774241765,0.3097432624741032
2015-12-01,0.0378998161572116,0.3097432624741032
2015-12-01,0.0378998161572116,0.3097432624741032
2015-12-01,0.03791418654018144,0.3097432624741032
2016-01-01,0.018660190809620596,0.4156400528695106
2016-01-01,0.019356592442306697,0.4156400528695106
2016-01-01,0.019356592442306697,0.4156400528695106
2016-01-01,0.020052994074992798,0.4156400528695106
2016-02-01,0.17222234840309936,0.3794283191621444
2016-02-01,0.17291875003578547,0.3794283191621444
2016-02-01,0.17291875003578547,0.3794283191621444
2016-02-01,0.17361515166847155,0.3794283191621444
2016-03-01,0.17672757916961526,0.2865351613088492
2016-03-01,0.17742398080230137,0.2865351613088492
2016-03-01,0.17742398080230137,0.2865351613088492
2016-03-01,0.17812038243498748,0.2865351613088492
2016-04-01,0.1938168575911923,0.2877564431801301
2016-04-01,0.1945132592238784,0.2877564431801301
2016-04-01,0.1945132592238784,0.2877564431801301
2016-04-01,0.19520966085656452,0.2877564431801301
2016-05-01,-0.01374764863193064,0.2949064847856529
2016-05-01,-0.013051246999244537,0.2949064847856529
2016-05-01,-0.013051246999244537,0.2949064847856529
2016-05-01,-0.012354845366558434,0.2949064847856529
2016-06-01,0.14810870894761546,0.2971707996067639
2016-06-01,0.14880511058030158,0.2971707996067639
2016-06-01,0.14880511058030158,0.2971707996067639
2016-06-01,0.14950151221298766,0.2971707996067639
2016-01-01,0.006530361638271143,0.4156400528695106
2016-01-01,0.007226763270957244,0.4156400528695106
2016-01-01,0.007226763270957244,0.4156400528695106
2016-01-01,0.007923164903643346,0.4156400528695106
2016-02-01,0.19787493359033045,0.3794283191621444
2016-02-01,0.19857133522301654,0.3794283191621444
2016-02-01,0.19857133522301654,0.3794283191621444
2016-02-01,0.19926773685570265,0.3794283191621444
2016-03-01,0.13883603153716215,0.2865351613088492
2016-03-01,0.13953243316984823,0.2865351613088492
2016-03-01,0.13953243316984823,0.2865351613088492
2016-03-01,0.14022883480253434,0.2865351613088492
2016-04-01,0.1196028385347802,0.2877564431801301
2016-04-01,0.12029924016746629,0.2877564431801301
2016-04-01,0.12029924016746629,0.2877564431801301
2016-04-01,0.12099564180015239,0.2877564431801301
2016-05-01,-0.08372172725414843,0.2949064847856529
2016-05-01,-0.08302532562146232,0.2949064847856529
2016-05-01,-0.08302532562146232,0.2949064847856529
2016-05-01,-0.08232892398877623,0.2949064847856529
2016-06-01,0.1728422814703984,0.2971707996067639
2016-06-01,0.1735386831030845,0.2971707996067639
2016-06-01,0.1735386831030845,0.2971707996067639
2016-06-01,0.17423508473577062,0.2971707996067639
2016-07-01,0.060902090063086244,0.2977252203529004
2016-07-01,0.061969116610406605,0.2977252203529004
2016-07-01,0.061969116610406605,0.2977252203529004
2016-07-01,0.06303614315772697,0.2977252203529004
2016-08-01,0.2233595799109912,0.3279499413930619
2016-08-01,0.22442660645831158,0.3279499413930619
2016-08-01,0.22442660645831158,0.3279499413930619
2016-08-01,0.22549363300563194,0.3279499413930619
2016-09-01,0.1574520618152781,0.333820113552671
2016-09-01,0.15851908836259845,0.333820113552671
2016-09-01,0.15851908836259845,0.333820113552671
2016-09-01,0.15958611490991884,0.333820113552671
2016-10-01,0.1508096389028134,0.2797007157345461
2016-10-01,0.15187666545013376,0.2797007157345461
2016-10-01,0.15187666545013376,0.2797007157345461
2016-10-01,0.15294369199745414,0.2797007157345461
2016-11-01,0.155326222729162,0.2619039237133737
2016-11-01,0.15639324927648238,0.2619039237133737
2016-11-01,0.15639324927648238,0.2619039237133737
2016-11-01,0.15746027582380273,0.2619039237133737
2016-12-01,0.02921543932267427,0.149666554896827
2016-12-01,0.03028246586999463,0.149666554896827
2016-12-01,0.03028246586999463,0.149666554896827
2016-12-01,0.031349492417314995,0.149666554896827
2016-07-01,0.15857035445353165,0.2977252203529004
2016-07-01,0.159637381000852,0.2977252203529004
2016-07-01,0.159637381000852,0.2977252203529004
2016-07-01,0.16070440754817236,0.2977252203529004
2016-08-01,0.20969914299269665,0.3279499413930619
2016-08-01,0.210766169540017,0.3279499413930619
2016-08-01,0.210766169540017,0.3279499413930619
2016-08-01,0.21183319608733733,0.3279499413930619
2016-09-01,0.22212425556839,0.333820113552671
2016-09-01,0.22319128211571035,0.333820113552671
2016-09-01,0.22319128211571035,0.333820113552671
2016-09-01,0.22425830866303068,0.333820113552671
2016-10-01,0.18822903537928615,0.2797007157345461
2016-10-01,0.1892960619266065,0.2797007157345461
2016-10-01,0.1892960619266065,0.2797007157345461
2016-10-01,0.19036308847392683,0.2797007157345461
2016-11-01,0.15652614480591648,0.2619039237133737
2016-11-01,0.15759317135323683,0.2619039237133737
2016-11-01,0.15759317135323683,0.2619039237133737
2016-11-01,0.15866019790055721,0.2619039237133737
2016-12-01,0.0610448858046436,0.149666554896827
2016-12-01,0.06211191235196397,0.149666554896827
2016-12-01,0.06211191235196397,0.149666554896827
2016-12-01,0.06317893889928433,0.149666554896827
2017-01-01,0.10631382322993456,0.2089518795531251
2017-01-01,0.10697681766270263,0.2089518795531251
2017-01-01,0.10697681766270263,0.2089518795531251
2017-01-01,0.1076398120954707,0.2089518795531251
2017-02-01,0.16529047076623973,0.2023140969939754
2017-02-01,0.1659534651990078,0.2023140969939754
2017-02-01,0.1659534651990078,0.2023140969939754
2017-02-01,0.16661645963177588,0.2023140969939754
2017-03-01,0.14424055460522192,0.2190039111617948
2017-03-01,0.14490354903799,0.2190039111617948
2017-03-01,0.14490354903799,0.2190039111617948
2017-03-01,0.14556654347075806,0.2190039111617948
2017-04-01,0.024376071454550136,0.2491662422424295
2017-04-01,0.025039065887318208,0.2491662422424295
2017-04-01,0.025039065887318208,0.2491662422424295
2017-04-01,0.02570206032008628,0.2491662422424295
2017-05-01,0.04933192084201227,0.1692563811376793
2017-05-01,0.04999491527478034,0.1692563811376793
2017-05-01,0.04999491527478034,0.1692563811376793
2017-05-01,0.05065790970754841,0.1692563811376793
2017-06-01,0.05461183919751303,0.2301742860552895
2017-06-01,0.0552748336302811,0.2301742860552895
2017-06-01,0.0552748336302811,0.2301742860552895
2017-06-01,0.05593782806304917,0.2301742860552895
2017-01-01,0.2202251861639336,0.2089518795531251
2017-01-01,0.22088818059670168,0.2089518795531251
2017-01-01,0.22088818059670168,0.2089518795531251
2017-01-01,0.22155117502946975,0.2089518795531251
2017-02-01,0.2333914127447656,0.2023140969939754
2017-02-01,0.23405440717753367,0.2023140969939754
2017-02-01,0.23405440717753367,0.2023140969939754
2017-02-01,0.23471740161030175,0.2023140969939754
2017-03-01,0.22636116172809076,0.2190039111617948
2017-03-01,0.22702415616085883,0.2190039111617948
2017-03-01,0.2270241561608588,0.2190039111617948
2017-03-01,0.22768715059362687,0.2190039111617948
2017-04-01,0.11388674776936353,0.2491662422424295
2017-04-01,0.1145497422021316,0.2491662422424295
2017-04-01,0.1145497422021316,0.2491662422424295
2017-04-01,0.11521273663489967,0.2491662422424295
2017-05-01,0.11251202908201284,0.1692563811376793
2017-05-01,0.11317502351478091,0.1692563811376793
2017-05-01,0.11317502351478091,0.1692563811376793
2017-05-01,0.11383801794754898,0.1692563811376793
2017-06-01,0.1568035118457464,0.2301742860552895
2017-06-01,0.15746650627851447,0.2301742860552895
2017-06-01,0.15746650627851447,0.2301742860552895
2017-06-01,0.15812950071128254,0.2301742860552895
2017-07-01,0.1497675206496547,0.2248348577375052
2017-07-01,0.14998179912768497,0.2248348577375052
2017-07-01,0.14998179912768497,0.2248348577375052
2017-07-01,0.1501960776057152,0.2248348577375052
2017-08-01,0.1433853592404215,0.2050362580759783
2017-08-01,0.14359963771845177,0.2050362580759783
2017-08-01,0.14359963771845177,0.2050362580759783
2017-08-01,0.14381391619648204,0.2050362580759783
2017-09-01,0.18544519562275177,0.2043579611551284
2017-09-01,0.185659474100782,0.2043579611551284
2017-09-01,0.18565947410078207,0.2043579611551284
2017-09-01,0.1858737525788123,0.2043579611551284
2017-10-01,0.19365727575479422,0.2029310894178729
2017-10-01,0.1938715542328245,0.2029310894178729
2017-10-01,0.1938715542328245,0.2029310894178729
2017-10-01,0.19408583271085478,0.2029310894178729
2017-11-01,0.15266630542180878,0.2083817819585383
2017-11-01,0.15288058389983905,0.2083817819585383
2017-11-01,0.15288058389983902,0.2083817819585383
2017-11-01,0.1530948623778693,0.2083817819585383
2017-12-01,0.12834381227868105,0.2249678290142701
2017-12-01,0.12855809075671132,0.2249678290142701
2017-12-01,0.12855809075671132,0.2249678290142701
2017-12-01,0.12877236923474158,0.2249678290142701
2017-07-01,0.18123642779936985,0.2248348577375052
2017-07-01,0.18145070627740012,0.2248348577375052
2017-07-01,0.1814507062774001,0.2248348577375052
2017-07-01,0.18166498475543036,0.2248348577375052
2017-08-01,0.13955752235652322,0.2050362580759783
2017-08-01,0.13977180083455346,0.2050362580759783
2017-08-01,0.13977180083455346,0.2050362580759783
2017-08-01,0.13998607931258375,0.2050362580759783
2017-09-01,0.18480287442721285,0.2043579611551284
2017-09-01,0.18501715290524312,0.2043579611551284
2017-09-01,0.18501715290524312,0.2043579611551284
2017-09-01,0.1852314313832734,0.2043579611551284
2017-10-01,0.21169909064664127,0.2029310894178729
2017-10-01,0.21191336912467154,0.2029310894178729
2017-10-01,0.2119133691246715,0.2029310894178729
2017-10-01,0.21212764760270178,0.2029310894178729
2017-11-01,0.16589891334683757,0.2083817819585383
2017-11-01,0.16611319182486783,0.2083817819585383
2017-11-01,0.16611319182486786,0.2083817819585383
2017-11-01,0.1663274703028981,0.2083817819585383
2017-12-01,0.13558136823529113,0.2249678290142701
2017-12-01,0.13579564671332142,0.2249678290142701
2017-12-01,0.13579564671332142,0.2249678290142701
2017-12-01,0.1360099251913517,0.2249678290142701
2018-01-01,0.005406171992396032,0.1697357963494815
2018-01-01,0.005602593753766196,0.1697357963494815
2018-01-01,0.005602593753766196,0.1697357963494815
2018-01-01,0.005799015515136359,0.1697357963494815
2018-02-01,0.18623306472759593,0.1242983184080103
2018-02-01,0.1864294864889661,0.1242983184080103
2018-02-01,0.1864294864889661,0.1242983184080103
2018-02-01,0.1866259082503363,0.1242983184080103
2018-03-01,0.1501341115470822,0.0187073121515363
2018-03-01,0.15033053330845236,0.0187073121515363
2018-03-01,0.15033053330845236,0.0187073121515363
2018-03-01,0.15052695506982253,0.0187073121515363
2018-04-01,0.1386543966163097,0.1330969878619678
2018-04-01,0.13885081837767987,0.1330969878619678
2018-04-01,0.13885081837767987,0.1330969878619678
2018-04-01,0.13904724013905004,0.1330969878619678
2018-05-01,0.1360947964367386,0.1556234495967931
2018-05-01,0.13629121819810877,0.1556234495967931
2018-05-01,0.13629121819810877,0.1556234495967931
2018-05-01,0.13648763995947893,0.1556234495967931
2018-06-01,0.07575033803176441,0.1674682898424838
2018-06-01,0.07594675979313457,0.1674682898424838
2018-06-01,0.07594675979313457,0.1674682898424838
2018-06-01,0.07614318155450474,0.1674682898424838
2018-01-01,0.039187042929032745,0.1697357963494815
2018-01-01,0.03938346469040291,0.1697357963494815
2018-01-01,0.03938346469040291,0.1697357963494815
2018-01-01,0.03957988645177307,0.1697357963494815
2018-02-01,0.2130511870316766,0.1242983184080103
2018-02-01,0.2132476087930468,0.1242983184080103
2018-02-01,0.2132476087930468,0.1242983184080103
2018-02-01,0.21344403055441696,0.1242983184080103
2018-03-01,0.19157189582137021,0.0187073121515363
2018-03-01,0.19176831758274038,0.0187073121515363
2018-03-01,0.19176831758274038,0.0187073121515363
2018-03-01,0.19196473934411054,0.0187073121515363
2018-04-01,0.1593346229826108,0.1330969878619678
2018-04-01,0.15953104474398097,0.1330969878619678
2018-04-01,0.15953104474398097,0.1330969878619678
2018-04-01,0.15972746650535113,0.1330969878619678
2018-05-01,0.157807467606096,0.1556234495967931
2018-05-01,0.15800388936746618,0.1556234495967931
2018-05-01,0.15800388936746615,0.1556234495967931
2018-05-01,0.15820031112883634,0.1556234495967931
2018-06-01,0.09523648027412324,0.1674682898424838
2018-06-01,0.09543290203549341,0.1674682898424838
2018-06-01,0.09543290203549341,0.1674682898424838
2018-06-01,0.09562932379686356,0.1674682898424838
2018-07-01,0.09406493065287991,0.1883149109646686
2018-07-01,0.09370726656832594,0.1883149109646686
2018-07-01,0.09370726656832594,0.1883149109646686
2018-07-01,0.09334960248377198,0.1883149109646686
2018-08-01,0.1600991506357362,0.2243624243690833
2018-08-01,0.15974148655118225,0.2243624243690833
2018-08-01,0.15974148655118223,0.2243624243690833
2018-08-01,0.15938382246662827,0.2243624243690833
2018-09-01,0.13300288088228684,0.180271873320018
2018-09-01,0.13264521679773286,0.180271873320018
2018-09-01,0.13264521679773286,0.180271873320018
2018-09-01,0.1322875527131789,0.180271873320018
2018-10-01,0.13728392422722438,0.2266303683033883
2018-10-01,0.13692626014267043,0.2266303683033883
2018-10-01,0.13692626014267043,0.2266303683033883
2018-10-01,0.13656859605811647,0.2266303683033883
2018-11-01,0.28834493187604265,0.311508367101395
2018-11-01,0.2879872677914887,0.311508367101395
2018-11-01,0.2879872677914887,0.311508367101395
2018-11-01,0.28762960370693474,0.311508367101395
2018-12-01,0.14658947253959886,0.4400552993780934
2018-12-01,0.1462318084550449,0.4400552993780934
2018-12-01,0.1462318084550449,0.4400552993780934
2018-12-01,0.14587414437049095,0.4400552993780934
2018-07-01,0.11258342388916527,0.1883149109646686
2018-07-01,0.1122257598046113,0.1883149109646686
2018-07-01,0.1122257598046113,0.1883149109646686
2018-07-01,0.11186809572005733,0.1883149109646686
2018-08-01,0.1459116712869812,0.2243624243690833
2018-08-01,0.14555400720242725,0.2243624243690833
2018-08-01,0.14555400720242725,0.2243624243690833
2018-08-01,0.1451963431178733,0.2243624243690833
2018-09-01,0.14620307873183333,0.180271873320018
2018-09-01,0.14584541464727938,0.180271873320018
2018-09-01,0.14584541464727938,0.180271873320018
2018-09-01,0.14548775056272542,0.180271873320018
2018-10-01,0.14804965106766044,0.2266303683033883
2018-10-01,0.14769198698310648,0.2266303683033883
2018-10-01,0.14769198698310648,0.2266303683033883
2018-10-01,0.14733432289855253,0.2266303683033883
2018-11-01,0.29855064148192495,0.311508367101395
2018-11-01,0.298192977397371,0.311508367101395
2018-11-01,0.298192977397371,0.311508367101395
2018-11-01,0.29783531331281704,0.311508367101395
2018-12-01,0.15259149487058252,0.4400552993780934
2018-12-01,0.15223383078602856,0.4400552993780934
2018-12-01,0.15223383078602853,0.4400552993780934
2018-12-01,0.15187616670147455,0.4400552993780934
2019-01-01,0.1326183156544539,0.3527908940061893
2019-01-01,0.1331314731471118,0.3527908940061893
2019-01-01,0.1331314731471118,0.3527908940061893
2019-01-01,0.13364463063976972,0.3527908940061893
2019-02-01,0.15465964500421614,0.3483154111903212
2019-02-01,0.15517280249687407,0.3483154111903212
2019-02-01,0.15517280249687407,0.3483154111903212
2019-02-01,0.155685959989532,0.3483154111903212
2019-03-01,0.13745852430061223,0.3747754620530709
2019-03-01,0.13797168179327016,0.3747754620530709
2019-03-01,0.13797168179327016,0.3747754620530709
2019-03-01,0.1384848392859281,0.3747754620530709
2019-04-01,0.1815216564280475,0.3862938291867101
2019-04-01,0.1820348139207054,0.3862938291867101
2019-04-01,0.18203481392070542,0.3862938291867101
2019-04-01,0.18254797141336332,0.3862938291867101
2019-05-01,0.14392402387650546,0.4587339292380875
2019-05-01,0.1444371813691634,0.4587339292380875
2019-05-01,0.1444371813691634,0.4587339292380875
2019-05-01,0.14495033886182132,0.4587339292380875
2019-06-01,0.12232183440406724,0.4136413618808994
2019-06-01,0.12283499189672516,0.4136413618808994
2019-06-01,0.12283499189672516,0.4136413618808994
2019-06-01,0.1233481493893831,0.4136413618808994
2019-01-01,0.13789738515096348,0.3527908940061893
2019-01-01,0.1384105426436214,0.3527908940061893
2019-01-01,0.1384105426436214,0.3527908940061893
2019-01-01,0.13892370013627933,0.3527908940061893
2019-02-01,0.14824497970242453,0.3483154111903212
2019-02-01,0.14875813719508243,0.3483154111903212
2019-02-01,0.14875813719508243,0.3483154111903212
2019-02-01,0.14927129468774036,0.3483154111903212
2019-03-01,0.12503854291495434,0.3747754620530709
2019-03-01,0.12555170040761227,0.3747754620530709
2019-03-01,0.12555170040761227,0.3747754620530709
2019-03-01,0.1260648579002702,0.3747754620530709
2019-04-01,0.19226712791868802,0.3862938291867101
2019-04-01,0.19278028541134593,0.3862938291867101
2019-04-01,0.19278028541134595,0.3862938291867101
2019-04-01,0.19329344290400385,0.3862938291867101
2019-05-01,0.1419741901348794,0.4587339292380875
2019-05-01,0.14248734762753734,0.4587339292380875
2019-05-01,0.14248734762753734,0.4587339292380875
2019-05-01,0.14300050512019527,0.4587339292380875
2019-06-01,0.12297361990706397,0.4136413618808994
2019-06-01,0.12348677739972191,0.4136413618808994
2019-06-01,0.12348677739972191,0.4136413618808994
2019-06-01,0.12399993489237983,0.4136413618808994
2019-07-01,0.18729637328095236,0.4227540735713863
2019-07-01,0.18859038399623387,0.4227540735713863
2019-07-01,0.18859038399623387,0.4227540735713863
2019-07-01,0.18988439471151541,0.4227540735713863
2019-08-01,0.12481536006737949,0.4689651814624122
2019-08-01,0.12610937078266102,0.4689651814624122
2019-08-01,0.12610937078266102,0.4689651814624122
2019-08-01,0.12740338149794256,0.4689651814624122
2019-09-01,0.1654730697380137,0.4019674616999321
2019-09-01,0.16676708045329525,0.4019674616999321
2019-09-01,0.16676708045329525,0.4019674616999321
2019-09-01,0.1680610911685768,0.4019674616999321
2019-10-01,0.08418894636930113,0.4479152836579552
2019-10-01,0.08548295708458266,0.4479152836579552
2019-10-01,0.08548295708458266,0.4479152836579552
2019-10-01,0.0867769677998642,0.4479152836579552
2019-11-01,0.20864568491887522,0.4042891996605567
2019-11-01,0.20993969563415674,0.4042891996605567
2019-11-01,0.20993969563415674,0.4042891996605567
2019-11-01,0.21123370634943828,0.4042891996605567
2019-12-01,0.2318031480296335,0.4208582081689658
2019-12-01,0.23309715874491502,0.4208582081689658
2019-12-01,0.23309715874491502,0.4208582081689658
2019-12-01,0.23439116946019656,0.4208582081689658
2019-07-01,0.21580157855124069,0.4227540735713863
2019-07-01,0.2170955892665222,0.4227540735713863
2019-07-01,0.2170955892665222,0.4227540735713863
2019-07-01,0.21838959998180374,0.4227540735713863
2019-08-01,0.2043747701049067,0.4689651814624122
2019-08-01,0.20566878082018825,0.4689651814624122
2019-08-01,0.20566878082018825,0.4689651814624122
2019-08-01,0.2069627915354698,0.4689651814624122
2019-09-01,0.23806174940471436,0.4019674616999321
2019-09-01,0.2393557601199959,0.4019674616999321
2019-09-01,0.2393557601199959,0.4019674616999321
2019-09-01,0.24064977083527742,0.4019674616999321
2019-10-01,0.13083866632824911,0.4479152836579552
2019-10-01,0.13213267704353063,0.4479152836579552
2019-10-01,0.13213267704353063,0.4479152836579552
2019-10-01,0.13342668775881217,0.4479152836579552
2019-11-01,0.241342321180447,0.4042891996605567
2019-11-01,0.24263633189572853,0.4042891996605567
2019-11-01,0.24263633189572853,0.4042891996605567
2019-11-01,0.24393034261101007,0.4042891996605567
2019-12-01,0.23107145306576857,0.4208582081689658
2019-12-01,0.23236546378105008,0.4208582081689658
2019-12-01,0.23236546378105008,0.4208582081689658
2019-12-01,0.23365947449633162,0.4208582081689658
2020-01-01,0.23452435935434837,0.3670791744023033
2020-01-01,0.236009331113782,0.3670791744023033
2020-01-01,0.236009331113782,0.3670791744023033
2020-01-01,0.23749430287321563,0.3670791744023033
2020-02-01,0.15049748540574326,0.4195931269167566
2020-02-01,0.15198245716517686,0.4195931269167566
2020-02-01,0.15198245716517686,0.4195931269167566
2020-02-01,0.1534674289246105,0.4195931269167566
2020-03-01,0.31436768935474163,0.5898782692264535
2020-03-01,0.31585266111417526,0.5898782692264535
2020-03-01,0.31585266111417526,0.5898782692264535
2020-03-01,0.3173376328736089,0.5898782692264535
2020-04-01,-0.18678481805866473,0.378471601113999
2020-04-01,-0.1852998462992311,0.378471601113999
2020-04-01,-0.1852998462992311,0.378471601113999
2020-04-01,-0.1838148745397975,0.378471601113999
2020-05-01,0.08203449371510846,0.334181362584767
2020-05-01,0.08351946547454207,0.334181362584767
2020-05-01,0.08351946547454207,0.334181362584767
2020-05-01,0.08500443723397566,0.334181362584767
2020-06-01,0.258017757333368,0.2305428089562015
2020-06-01,0.25950272909280164,0.2305428089562015
2020-06-01,0.25950272909280164,0.2305428089562015
2020-06-01,0.26098770085223527,0.2305428089562015
2020-01-01,0.18297401335366356,0.3670791744023033
2020-01-01,0.18445898511309713,0.3670791744023033
2020-01-01,0.1844589851130971,0.3670791744023033
2020-01-01,0.18594395687253074,0.3670791744023033
2020-02-01,0.1967937534290043,0.4195931269167566
2020-02-01,0.1982787251884379,0.4195931269167566
2020-02-01,0.19827872518843792,0.4195931269167566
2020-02-01,0.19976369694787152,0.4195931269167566
2020-03-01,0.3370498959859621,0.5898782692264535
2020-03-01,0.3385348677453957,0.5898782692264535
2020-03-01,0.3385348677453957,0.5898782692264535
2020-03-01,0.34001983950482934,0.5898782692264535
2020-04-01,-0.22584587062639697,0.378471601113999
2020-04-01,-0.22436089886696334,0.378471601113999
2020-04-01,-0.22436089886696334,0.378471601113999
2020-04-01,-0.2228759271075297,0.378471601113999
2020-05-01,-0.11573873665767066,0.334181362584767
2020-05-01,-0.11425376489823706,0.334181362584767
2020-05-01,-0.11425376489823703,0.334181362584767
2020-05-01,-0.11276879313880343,0.334181362584767
2020-06-01,0.11978280350942572,0.2305428089562015
2020-06-01,0.12126777526885933,0.2305428089562015
2020-06-01,0.12126777526885933,0.2305428089562015
2020-06-01,0.12275274702829293,0.2305428089562015
2020-07-01,0.14504997590182542,0.2614104170796327
2020-07-01,0.1462314506427132,0.2614104170796327
2020-07-01,0.14623145064271317,0.2614104170796327
2020-07-01,0.14741292538360098,0.2614104170796327
2020-08-01,0.5030276097390641,0.1522840671504128
2020-08-01,0.5042090844799519,0.1522840671504128
2020-08-01,0.5042090844799519,0.1522840671504128
2020-08-01,0.5053905592208398,0.1522840671504128
2020-09-01,0.47566247435087555,0.0934445803609452
2020-09-01,0.47684394909176336,0.0934445803609452
2020-09-01,0.47684394909176336,0.0934445803609452
2020-09-01,0.4780254238326512,0.0934445803609452
2020-10-01,1.0292670105718809,0.1968358016361622
2020-10-01,1.0304484853127687,0.1968358016361622
2020-10-01,1.0304484853127687,0.1968358016361622
2020-10-01,1.0316299600536565,0.1968358016361622
2020-11-01,0.16579224363226638,0.1476795849151605
2020-11-01,0.1669737183731542,0.1476795849151605
2020-11-01,0.16697371837315414,0.1476795849151605
2020-11-01,0.16815519311404195,0.1476795849151605
2020-12-01,0.05848855421951776,0.0519456398177721
2020-12-01,0.05967002896040557,0.0519456398177721
2020-12-01,0.05967002896040557,0.0519456398177721
2020-12-01,0.060851503701293365,0.0519456398177721
2020-07-01,0.5608728429684696,0.2614104170796327
2020-07-01,0.5620543177093574,0.2614104170796327
2020-07-01,0.5620543177093574,0.2614104170796327
2020-07-01,0.5632357924502452,0.2614104170796327
2020-08-01,0.7011127973623474,0.1522840671504128
2020-08-01,0.7022942721032353,0.1522840671504128
2020-08-01,0.7022942721032353,0.1522840671504128
2020-08-01,0.7034757468441231,0.1522840671504128
2020-09-01,0.7247615912344808,0.0934445803609452
2020-09-01,0.7259430659753686,0.0934445803609452
2020-09-01,0.7259430659753686,0.0934445803609452
2020-09-01,0.7271245407162564,0.0934445803609452
2020-10-01,1.0269315282998364,0.1968358016361622
2020-10-01,1.0281130030407242,0.1968358016361622
2020-10-01,1.0281130030407242,0.1968358016361622
2020-10-01,1.029294477781612,0.1968358016361622
2020-11-01,0.5054110729266641,0.1476795849151605
2020-11-01,0.5065925476675519,0.1476795849151605
2020-11-01,0.5065925476675519,0.1476795849151605
2020-11-01,0.5077740224084397,0.1476795849151605
2020-12-01,0.4058698836358583,0.0519456398177721
2020-12-01,0.4070513583767461,0.0519456398177721
2020-12-01,0.4070513583767461,0.0519456398177721
2020-12-01,0.4082328331176339,0.0519456398177721
2021-01-01,0.5708507279356562,0.1231775460605547
2021-01-01,0.5705851001538135,0.1231775460605547
2021-01-01,0.5705851001538135,0.1231775460605547
2021-01-01,0.5703194723719708,0.1231775460605547
2021-02-01,0.3657420697179618,0.0702873350686816
2021-02-01,0.3654764419361191,0.0702873350686816
2021-02-01,0.3654764419361191,0.0702873350686816
2021-02-01,0.3652108141542764,0.0702873350686816
2021-03-01,0.49755894243951904,0.0622953568517479
2021-03-01,0.49729331465767634,0.0622953568517479
2021-03-01,0.49729331465767634,0.0622953568517479
2021-03-01,0.49702768687583365,0.0622953568517479
2021-04-01,0.49285753627721407,0.0265860078859657
2021-04-01,0.4925919084953714,0.0265860078859657
2021-04-01,0.4925919084953714,0.0265860078859657
2021-04-01,0.4923262807135287,0.0265860078859657
2021-05-01,0.4398669020372108,0.0246468048426688
2021-05-01,0.4396012742553681,0.0246468048426688
2021-05-01,0.4396012742553681,0.0246468048426688
2021-05-01,0.4393356464735254,0.0246468048426688
2021-06-01,0.5979705661086384,0.0652538407848035
2021-06-01,0.5977049383267957,0.0652538407848035
2021-06-01,0.5977049383267957,0.0652538407848035
2021-06-01,0.597439310544953,0.0652538407848035
2021-01-01,0.39022691996064923,0.1231775460605547
2021-01-01,0.38996129217880654,0.1231775460605547
2021-01-01,0.3899612921788065,0.1231775460605547
2021-01-01,0.3896956643969638,0.1231775460605547
2021-02-01,0.25764758969962376,0.0702873350686816
2021-02-01,0.257381961917781,0.0702873350686816
2021-02-01,0.25738196191778107,0.0702873350686816
2021-02-01,0.2571163341359383,0.0702873350686816
2021-03-01,0.21447542808608958,0.0622953568517479
2021-03-01,0.21420980030424686,0.0622953568517479
2021-03-01,0.21420980030424688,0.0622953568517479
2021-03-01,0.21394417252240416,0.0622953568517479
2021-04-01,0.41061169712833867,0.0265860078859657
2021-04-01,0.410346069346496,0.0265860078859657
2021-04-01,0.410346069346496,0.0265860078859657
2021-04-01,0.4100804415646533,0.0265860078859657
2021-05-01,0.2223022786059542,0.0246468048426688
2021-05-01,0.2220366508241115,0.0246468048426688
2021-05-01,0.22203665082411148,0.0246468048426688
2021-05-01,0.22177102304226878,0.0246468048426688
2021-06-01,0.25922246663606535,0.0652538407848035
2021-06-01,0.2589568388542226,0.0652538407848035
2021-06-01,0.25895683885422255,0.0652538407848035
2021-06-01,0.25869121107237986,0.0652538407848035
2021-07-01,0.16391715895137618,0.0733437463019509
2021-07-01,0.1631429633339396,0.0733437463019509
2021-07-01,0.1631429633339396,0.0733437463019509
2021-07-01,0.162368767716503,0.0733437463019509
2021-08-01,0.20172578359359583,0.0276325214675646
2021-08-01,0.20095158797615922,0.0276325214675646
2021-08-01,0.20095158797615922,0.0276325214675646
2021-08-01,0.20017739235872264,0.0276325214675646
2021-09-01,0.02829878919397914,0.0267625307409511
2021-09-01,0.02752459357654254,0.0267625307409511
2021-09-01,0.02752459357654254,0.0267625307409511
2021-09-01,0.026750397959105943,0.0267625307409511
2021-10-01,0.14127703808856495,-0.0629966608321289
2021-10-01,0.14050284247112835,-0.0629966608321289
2021-10-01,0.14050284247112835,-0.0629966608321289
2021-10-01,0.13972864685369177,-0.0629966608321289
2021-11-01,0.13089694527280235,0.0324804209935399
2021-11-01,0.13012274965536577,0.0324804209935399
2021-11-01,0.13012274965536577,0.0324804209935399
2021-11-01,0.12934855403792916,0.0324804209935399
2021-12-01,0.18527347496007449,0.0319140515823303
2021-12-01,0.18449927934263788,0.0319140515823303
2021-12-01,0.18449927934263788,0.0319140515823303
2021-12-01,0.18372508372520127,0.0319140515823303
2021-07-01,0.19721542843192522,0.0733437463019509
2021-07-01,0.19644123281448864,0.0733437463019509
2021-07-01,0.19644123281448864,0.0733437463019509
2021-07-01,0.19566703719705203,0.0733437463019509
2021-08-01,0.21328455042319802,0.0276325214675646
2021-08-01,0.21251035480576141,0.0276325214675646
2021-08-01,0.21251035480576141,0.0276325214675646
2021-08-01,0.2117361591883248,0.0276325214675646
2021-09-01,0.07193548281947894,0.0267625307409511
2021-09-01,0.07116128720204233,0.0267625307409511
2021-09-01,0.07116128720204233,0.0267625307409511
2021-09-01,0.07038709158460574,0.0267625307409511
2021-10-01,0.1317251125724791,-0.0629966608321289
2021-10-01,0.1309509169550425,-0.0629966608321289
2021-10-01,0.1309509169550425,-0.0629966608321289
2021-10-01,0.1301767213376059,-0.0629966608321289
2021-11-01,0.13842163472368388,0.0324804209935399
2021-11-01,0.1376474391062473,0.0324804209935399
2021-11-01,0.1376474391062473,0.0324804209935399
2021-11-01,0.1368732434888107,0.0324804209935399
2021-12-01,0.16874572651838293,0.0319140515823303
2021-12-01,0.16797153090094633,0.0319140515823303
2021-12-01,0.16797153090094633,0.0319140515823303
2021-12-01,0.16719733528350975,0.0319140515823303
2022-01-01,0.1530077985313367,0.1018979300714042
2022-01-01,0.15202743506043986,0.1018979300714042
2022-01-01,0.1520274350604399,0.1018979300714042
2022-01-01,0.15104707158954303,0.1018979300714042
2022-02-01,0.04760516320360117,0.1827302296773192
2022-02-01,0.046624799732704336,0.1827302296773192
2022-02-01,0.046624799732704336,0.1827302296773192
2022-02-01,0.0456444362618075,0.1827302296773192
2022-03-01,0.10805255051531122,0.1780076814197932
2022-03-01,0.1070721870444144,0.1780076814197932
2022-03-01,0.1070721870444144,0.1780076814197932
2022-03-01,0.10609182357351758,0.1780076814197932
2022-04-01,-0.14857847798707127,0.2287148662920997
2022-04-01,-0.1495588414579681,0.2287148662920997
2022-04-01,-0.14955884145796808,0.2287148662920997
2022-04-01,-0.1505392049288649,0.2287148662920997
2022-05-01,-0.034178193574604304,0.2758020810784192
2022-05-01,-0.03515855704550114,0.2758020810784192
2022-05-01,-0.03515855704550113,0.2758020810784192
2022-05-01,-0.036138920516397964,0.2758020810784192
2022-06-01,-0.03965686729728682,0.3965338359272562
2022-06-01,-0.04063723076818365,0.3965338359272562
2022-06-01,-0.040637230768183645,0.3965338359272562
2022-06-01,-0.04161759423908048,0.3965338359272562
2022-01-01,0.16288123290626141,0.1018979300714042
2022-01-01,0.16190086943536455,0.1018979300714042
2022-01-01,0.16190086943536455,0.1018979300714042
2022-01-01,0.16092050596446775,0.1018979300714042
2022-02-01,0.04221157102983967,0.1827302296773192
2022-02-01,0.041231207558942835,0.1827302296773192
2022-02-01,0.041231207558942835,0.1827302296773192
2022-02-01,0.040250844088046,0.1827302296773192
2022-03-01,0.0672669749831606,0.1780076814197932
2022-03-01,0.06628661151226377,0.1780076814197932
2022-03-01,0.06628661151226377,0.1780076814197932
2022-03-01,0.06530624804136693,0.1780076814197932
2022-04-01,-0.06976786821261179,0.2287148662920997
2022-04-01,-0.07074823168350862,0.2287148662920997
2022-04-01,-0.0707482316835086,0.2287148662920997
2022-04-01,-0.07172859515440544,0.2287148662920997
2022-05-01,-0.060212298466745355,0.2758020810784192
2022-05-01,-0.06119266193764219,0.2758020810784192
2022-05-01,-0.061192661937642175,0.2758020810784192
2022-05-01,-0.06217302540853901,0.2758020810784192
2022-06-01,-0.05657774030837332,0.3965338359272562
2022-06-01,-0.057558103779270155,0.3965338359272562
2022-06-01,-0.05755810377927015,0.3965338359272562
2022-06-01,-0.05853846725016698,0.3965338359272562
2022-07-01,0.031218336041799504,0.3204793573540009
2022-07-01,0.0314336817038258,0.3204793573540009
2022-07-01,0.0314336817038258,0.3204793573540009
2022-07-01,0.0316490273658521,0.3204793573540009
2022-08-01,0.2299691530828679,0.3852338440308037
2022-08-01,0.23018449874489413,0.3852338440308037
2022-08-01,0.23018449874489413,0.3852338440308037
2022-08-01,0.2303998444069204,0.3852338440308037
2022-09-01,-0.12913889785413318,0.5030227532885769
2022-09-01,-0.12892355219210688,0.5030227532885769
2022-09-01,-0.1289235521921069,0.5030227532885769
2022-09-01,-0.1287082065300806,0.5030227532885769
2022-10-01,-0.052026843364617346,0.4159178858782335
2022-10-01,-0.051811497702591046,0.4159178858782335
2022-10-01,-0.051811497702591046,0.4159178858782335
2022-10-01,-0.051596152040564745,0.4159178858782335
2022-11-01,-0.04133168054917843,0.4197397653039961
2022-11-01,-0.04111633488715213,0.4197397653039961
2022-11-01,-0.04111633488715213,0.4197397653039961
2022-11-01,-0.040900989225125826,0.4197397653039961
2022-12-01,-0.12707010553611062,0.4547408442402046
2022-12-01,-0.12685475987408432,0.4547408442402046
2022-12-01,-0.1268547598740843,0.4547408442402046
2022-12-01,-0.126639414212058,0.4547408442402046
2022-07-01,0.14927667857701712,0.3204793573540009
2022-07-01,0.14949202423904343,0.3204793573540009
2022-07-01,0.14949202423904343,0.3204793573540009
2022-07-01,0.14970736990106973,0.3204793573540009
2022-08-01,0.333056893376449,0.3852338440308037
2022-08-01,0.33327223903847525,0.3852338440308037
2022-08-01,0.3332722390384753,0.3852338440308037
2022-08-01,0.3334875847005016,0.3852338440308037
2022-09-01,0.0027568622425109637,0.5030227532885769
2022-09-01,0.0029722079045372642,0.5030227532885769
2022-09-01,0.0029722079045372642,0.5030227532885769
2022-09-01,0.003187553566563565,0.5030227532885769
2022-10-01,0.0875519011231326,0.4159178858782335
2022-10-01,0.0877672467851589,0.4159178858782335
2022-10-01,0.0877672467851589,0.4159178858782335
2022-10-01,0.0879825924471852,0.4159178858782335
2022-11-01,0.034413875251869064,0.4197397653039961
2022-11-01,0.034629220913895364,0.4197397653039961
2022-11-01,0.034629220913895364,0.4197397653039961
2022-11-01,0.034844566575921665,0.4197397653039961
2022-12-01,-0.023408837632125406,0.4547408442402046
2022-12-01,-0.023193491970099105,0.4547408442402046
2022-12-01,-0.023193491970099105,0.4547408442402046
2022-12-01,-0.022978146308072805,0.4547408442402046
2023-01-01,0.09490613542025933,0.420253695196571
2023-01-01,0.096165643472838,0.420253695196571
2023-01-01,0.096165643472838,0.420253695196571
2023-01-01,0.09742515152541666,0.420253695196571
2023-02-01,0.005385482022868908,0.4329417974298201
2023-02-01,0.006644990075447573,0.4329417974298201
2023-02-01,0.006644990075447573,0.4329417974298201
2023-02-01,0.007904498128026238,0.4329417974298201
2023-03-01,0.14877084699134732,0.3392031270786083
2023-03-01,0.150030355043926,0.3392031270786083
2023-03-01,0.150030355043926,0.3392031270786083
2023-03-01,0.15128986309650466,0.3392031270786083
2023-04-01,0.09442647010384751,0.3146465497539715
2023-04-01,0.09568597815642617,0.3146465497539715
2023-04-01,0.09568597815642617,0.3146465497539715
2023-04-01,0.09694548620900484,0.3146465497539715
2023-05-01,-0.025357791152010905,0.3709900409769395
2023-05-01,-0.02409828309943224,0.3709900409769395
2023-05-01,-0.02409828309943224,0.3709900409769395
2023-05-01,-0.022838775046853572,0.3709900409769395
2023-06-01,0.10318787029277787,0.3583129401260531
2023-06-01,0.10444737834535654,0.3583129401260531
2023-06-01,0.10444737834535654,0.3583129401260531
2023-06-01,0.1057068863979352,0.3583129401260531
2023-01-01,0.20748481166877544,0.420253695196571
2023-01-01,0.20874431972135413,0.420253695196571
2023-01-01,0.20874431972135413,0.420253695196571
2023-01-01,0.2100038277739328,0.420253695196571
2023-02-01,0.20359357766784356,0.4329417974298201
2023-02-01,0.20485308572042224,0.4329417974298201
2023-02-01,0.20485308572042224,0.4329417974298201
2023-02-01,0.20611259377300092,0.4329417974298201
2023-03-01,0.21053519190924805,0.3392031270786083
2023-03-01,0.21179469996182668,0.3392031270786083
2023-03-01,0.21179469996182668,0.3392031270786083
2023-03-01,0.21305420801440536,0.3392031270786083
2023-04-01,0.23995392349936986,0.3146465497539715
2023-04-01,0.24121343155194855,0.3146465497539715
2023-04-01,0.24121343155194852,0.3146465497539715
2023-04-01,0.2424729396045272,0.3146465497539715
2023-05-01,0.13587207258235337,0.3709900409769395
2023-05-01,0.13713158063493203,0.3709900409769395
2023-05-01,0.13713158063493203,0.3709900409769395
2023-05-01,0.1383910886875107,0.3709900409769395
2023-06-01,0.24080008995920132,0.3583129401260531
2023-06-01,0.24205959801178,0.3583129401260531
2023-06-01,0.24205959801178004,0.3583129401260531
2023-06-01,0.2433191060643587,0.3583129401260531
2023-07-01,0.1942142620973342,0.3488740948715808
2023-08-01,0.11413826580250024,0.3855713407101503
2023-09-01,0.14789056679102436,0.4691685844777903
2023-10-01,0.061081128501549065,0.5146739542760309
2023-11-01,0.14492369418679096,0.4292123075354763
2023-12-01,0.19445972267681536,0.3853656267091732
